2021년 08월 01일,"2,591.95","2,530.94","2,636.21","2,515.26"
2021년 07월 31일,"2,532.19","2,461.08","2,551.68","2,421.70"
2021년 07월 30일,"2,460.95","2,380.59","2,467.40","2,320.80"
2021년 07월 29일,"2,380.93","2,299.46","2,397.71","2,269.15"
2021년 07월 28일,"2,299.11","2,300.21","2,343.49","2,246.23"
2021년 07월 27일,"2,300.22","2,230.24","2,318.68","2,152.92"
2021년 07월 26일,"2,229.53","2,189.74","2,430.01","2,174.44"
2021년 07월 25일,"2,189.79","2,166.98","2,195.03","2,108.74"
2021년 07월 24일,"2,151.85","2,124.00","2,162.29","2,106.71"
2021년 07월 23일,"2,123.61","2,024.51","2,129.66","2,000.27"
2021년 07월 22일,"2,024.58","1,994.61","2,043.26","1,952.31"
2021년 07월 21일,"1,994.49","1,786.18","2,029.51","1,758.64"
2021년 07월 20일,"1,786.07","1,818.07","1,840.36","1,720.70"
2021년 07월 19일,"1,818.07","1,891.43","1,915.15","1,807.19"
2021년 07월 18일,"1,892.42","1,898.01","1,988.24","1,881.60"
2021년 07월 17일,"1,897.98","1,877.00","1,917.80","1,851.97"
2021년 07월 16일,"1,878.20","1,917.21","1,960.21","1,852.42"
2021년 07월 15일,"1,917.21","1,994.73","2,038.91","1,884.81"
2021년 07월 14일,"1,994.64","1,940.48","2,017.99","1,868.45"
2021년 07월 13일,"1,940.72","2,035.09","2,042.61","1,920.62"
2021년 07월 12일,"2,035.09","2,139.44","2,167.60","2,008.66"
2021년 07월 11일,"2,139.35","2,110.90","2,173.34","2,081.62"
2021년 07월 10일,"2,111.12","2,146.15","2,191.30","2,078.43"
2021년 07월 09일,"2,145.89","2,120.05","2,185.62","2,066.09"
2021년 07월 08일,"2,120.22","2,316.21","2,322.47","2,095.92"
2021년 07월 07일,"2,316.57","2,322.74","2,402.68","2,296.43"
2021년 07월 06일,"2,322.72","2,196.25","2,347.47","2,194.20"
2021년 07월 05일,"2,196.16","2,322.60","2,322.60","2,163.09"
2021년 07월 04일,"2,323.22","2,224.70","2,386.20","2,222.95"
2021년 07월 03일,"2,224.70","2,154.53","2,236.97","2,115.80"
2021년 07월 02일,"2,154.78","2,108.58","2,158.70","2,019.75"
2021년 07월 01일,"2,109.11","2,274.50","2,274.63","2,077.56"
2021년 06월 30일,"2,273.84","2,158.32","2,281.55","2,090.61"
2021년 06월 29일,"2,158.71","2,083.48","2,241.86","2,076.17"
2021년 06월 28일,"2,083.09","1,981.24","2,142.84","1,962.89"
2021년 06월 27일,"1,979.88","1,830.42","1,980.70","1,808.59"
2021년 06월 26일,"1,830.62","1,810.53","1,850.40","1,719.32"
2021년 06월 25일,"1,810.57","1,989.77","2,017.47","1,793.47"
2021년 06월 24일,"1,989.14","1,968.76","2,033.96","1,886.74"
2021년 06월 23일,"1,968.39","1,877.28","2,043.10","1,823.57"
2021년 06월 22일,"1,876.66","1,890.95","1,994.32","1,707.24"
2021년 06월 21일,"1,891.18","2,244.25","2,257.86","1,868.32"
2021년 06월 20일,"2,243.86","2,166.30","2,276.83","2,045.03"
2021년 06월 19일,"2,166.91","2,229.53","2,276.70","2,164.14"
2021년 06월 18일,"2,229.53","2,372.10","2,376.62","2,142.74"
2021년 06월 17일,"2,371.62","2,367.78","2,459.11","2,309.08"
2021년 06월 16일,"2,367.28","2,544.35","2,552.12","2,353.24"
2021년 06월 15일,"2,543.83","2,581.42","2,637.90","2,512.39"
2021년 06월 14일,"2,581.48","2,508.49","2,606.91","2,467.61"
2021년 06월 13일,"2,508.27","2,368.68","2,547.90","2,311.96"
2021년 06월 12일,"2,368.47","2,351.45","2,448.04","2,260.80"
2021년 06월 11일,"2,351.45","2,470.04","2,493.48","2,324.21"
2021년 06월 10일,"2,469.97","2,607.45","2,615.46","2,432.41"
2021년 06월 09일,"2,606.23","2,507.86","2,620.74","2,408.37"
2021년 06월 08일,"2,510.65","2,592.12","2,618.70","2,320.64"
2021년 06월 07일,"2,592.63","2,713.52","2,842.88","2,581.24"
2021년 06월 06일,"2,713.66","2,628.43","2,743.53","2,614.48"
2021년 06월 05일,"2,628.98","2,688.75","2,814.02","2,555.98"
2021년 06월 04일,"2,686.50","2,856.63","2,856.63","2,557.71"
2021년 06월 03일,"2,853.35","2,705.05","2,889.19","2,666.39"
2021년 06월 02일,"2,706.10","2,633.74","2,801.00","2,554.88"
2021년 06월 01일,"2,633.67","2,707.94","2,738.23","2,529.73"
2021년 05월 31일,"2,708.47","2,386.93","2,713.98","2,279.42"
2021년 05월 30일,"2,386.10","2,276.97","2,465.84","2,181.93"
2021년 05월 29일,"2,276.07","2,411.68","2,567.42","2,207.21"
2021년 05월 28일,"2,414.29","2,742.39","2,760.17","2,332.43"
2021년 05월 27일,"2,735.88","2,885.02","2,885.87","2,638.62"
2021년 05월 26일,"2,884.66","2,705.69","2,908.37","2,648.10"
2021년 05월 25일,"2,705.09","2,647.27","2,747.49","2,388.81"
2021년 05월 24일,"2,646.79","2,101.30","2,667.20","2,080.87"
2021년 05월 23일,"2,101.34","2,292.68","2,379.89","1,739.91"
2021년 05월 22일,"2,291.60","2,433.09","2,481.06","2,162.84"
2021년 05월 21일,"2,433.11","2,766.88","2,931.66","2,111.42"
2021년 05월 20일,"2,777.55","2,436.59","2,988.52","2,163.40"
2021년 05월 19일,"2,435.69","3,376.22","3,434.01","1,922.25"
2021년 05월 18일,"3,377.55","3,280.50","3,558.57","3,244.93"
2021년 05월 17일,"3,279.68","3,582.19","3,582.27","3,130.12"
2021년 05월 16일,"3,582.12","3,643.67","3,877.20","3,351.92"
2021년 05월 15일,"3,641.65","4,074.57","4,129.99","3,639.12"
2021년 05월 14일,"4,075.38","3,719.46","4,171.76","3,694.54"
2021년 05월 13일,"3,719.62","3,807.50","4,031.99","3,539.96"
2021년 05월 12일,"3,811.77","4,173.61","4,366.10","3,794.15"
2021년 05월 11일,"4,167.78","3,948.66","4,177.53","3,781.86"
2021년 05월 10일,"3,947.90","3,923.48","4,203.98","3,669.84"
2021년 05월 09일,"3,922.23","3,905.69","3,979.77","3,734.44"
2021년 05월 08일,"3,905.55","3,479.81","3,952.88","3,453.37"
2021년 05월 07일,"3,481.22","3,490.83","3,583.34","3,363.56"
2021년 05월 06일,"3,489.52","3,522.74","3,601.59","3,380.60"
2021년 05월 05일,"3,522.76","3,284.31","3,540.78","3,228.86"
2021년 05월 04일,"3,286.71","3,429.48","3,516.34","3,188.90"
2021년 05월 03일,"3,429.37","2,950.07","3,451.44","2,950.07"
2021년 05월 02일,"2,950.33","2,945.04","2,984.52","2,854.12"
2021년 05월 01일,"2,944.66","2,772.27","2,951.74","2,753.60"
2021년 04월 30일,"2,772.78","2,757.02","2,797.61","2,726.03"
2021년 04월 29일,"2,757.36","2,746.51","2,797.52","2,670.35"
2021년 04월 28일,"2,746.54","2,665.83","2,759.03","2,562.74"
2021년 04월 27일,"2,665.24","2,531.07","2,677.95","2,484.44"
2021년 04월 26일,"2,533.12","2,320.63","2,539.80","2,305.97"
2021년 04월 25일,"2,316.48","2,217.23","2,355.20","2,169.91"
2021년 04월 24일,"2,215.93","2,367.35","2,367.46","2,159.60"
2021년 04월 23일,"2,367.31","2,398.95","2,440.21","2,119.26"
2021년 04월 22일,"2,401.10","2,360.32","2,642.99","2,313.46"
2021년 04월 21일,"2,360.81","2,331.84","2,467.51","2,238.15"
2021년 04월 20일,"2,332.14","2,161.06","2,345.18","2,058.00"
2021년 04월 19일,"2,160.63","2,236.10","2,275.87","2,081.30"
2021년 04월 18일,"2,237.17","2,317.88","2,338.53","1,948.93"
2021년 04월 17일,"2,318.33","2,424.12","2,493.93","2,314.12"
2021년 04월 16일,"2,423.18","2,514.55","2,544.54","2,302.30"
2021년 04월 15일,"2,514.22","2,432.90","2,541.90","2,402.75"
2021년 04월 14일,"2,431.56","2,299.25","2,445.40","2,281.49"
2021년 04월 13일,"2,299.93","2,137.55","2,315.47","2,136.49"
2021년 04월 12일,"2,137.81","2,150.79","2,199.52","2,103.73"
2021년 04월 11일,"2,151.42","2,133.89","2,164.76","2,114.55"
2021년 04월 10일,"2,133.79","2,067.26","2,197.73","2,058.23"
2021년 04월 09일,"2,066.93","2,080.20","2,101.07","2,050.39"
2021년 04월 08일,"2,079.92","1,962.44","2,084.08","1,951.83"
2021년 04월 07일,"1,961.46","2,112.41","2,128.25","1,939.64"
2021년 04월 06일,"2,111.53","2,108.81","2,150.78","2,047.48"
2021년 04월 05일,"2,106.41","2,076.14","2,127.89","2,004.05"
2021년 04월 04일,"2,075.94","2,007.82","2,091.31","1,982.00"
2021년 04월 03일,"2,008.59","2,134.66","2,137.68","2,004.40"
2021년 04월 02일,"2,134.55","1,968.12","2,144.11","1,949.99"
2021년 04월 01일,"1,967.96","1,918.82","1,983.84","1,897.38"
2021년 03월 31일,"1,917.99","1,841.01","1,945.40","1,774.66"
2021년 03월 30일,"1,841.01","1,816.92","1,857.65","1,788.60"
2021년 03월 29일,"1,816.69","1,686.88","1,839.41","1,678.38"
2021년 03월 28일,"1,686.80","1,712.89","1,724.74","1,661.92"
2021년 03월 27일,"1,713.01","1,698.68","1,731.73","1,667.12"
2021년 03월 26일,"1,698.60","1,586.36","1,699.27","1,586.28"
2021년 03월 25일,"1,586.54","1,582.23","1,621.32","1,550.11"
2021년 03월 24일,"1,582.38","1,668.42","1,739.82","1,546.48"
2021년 03월 23일,"1,667.90","1,681.50","1,720.01","1,654.14"
2021년 03월 22일,"1,682.37","1,783.58","1,806.62","1,659.28"
2021년 03월 21일,"1,783.72","1,804.60","1,815.85","1,748.47"
2021년 03월 20일,"1,804.60","1,809.09","1,868.09","1,801.60"
2021년 03월 19일,"1,809.64","1,775.87","1,848.88","1,735.42"
2021년 03월 18일,"1,776.08","1,823.72","1,849.23","1,760.83"
2021년 03월 17일,"1,823.35","1,804.56","1,837.88","1,743.62"
2021년 03월 16일,"1,804.85","1,792.08","1,817.35","1,715.97"
2021년 03월 15일,"1,792.38","1,848.18","1,890.59","1,745.04"
2021년 03월 14일,"1,849.06","1,921.29","1,932.36","1,836.78"
2021년 03월 13일,"1,921.13","1,767.05","1,943.36","1,730.46"
2021년 03월 12일,"1,766.90","1,827.44","1,841.19","1,723.18"
2021년 03월 11일,"1,825.79","1,794.28","1,845.32","1,729.05"
2021년 03월 10일,"1,794.14","1,869.32","1,875.98","1,759.50"
2021년 03월 09일,"1,869.10","1,831.57","1,869.10","1,801.29"
2021년 03월 08일,"1,831.49","1,727.17","1,841.05","1,665.54"
2021년 03월 07일,"1,728.10","1,650.94","1,732.84","1,634.73"
2021년 03월 06일,"1,649.19","1,530.24","1,670.01","1,514.62"
2021년 03월 05일,"1,530.29","1,539.73","1,548.71","1,443.32"
2021년 03월 04일,"1,538.61","1,567.84","1,623.73","1,506.86"
2021년 03월 03일,"1,571.05","1,488.80","1,653.04","1,477.72"
2021년 03월 02일,"1,488.62","1,570.00","1,602.13","1,457.22"
2021년 03월 01일,"1,570.03","1,418.91","1,571.15","1,411.55"
2021년 02월 28일,"1,418.76","1,458.84","1,467.76","1,294.79"
2021년 02월 27일,"1,458.93","1,445.69","1,527.69","1,427.15"
2021년 02월 26일,"1,445.44","1,476.77","1,561.66","1,403.30"
2021년 02월 25일,"1,476.15","1,623.76","1,669.24","1,460.92"
2021년 02월 24일,"1,623.71","1,578.27","1,711.16","1,505.79"
2021년 02월 23일,"1,578.11","1,777.25","1,781.44","1,370.45"
2021년 02월 22일,"1,777.28","1,933.52","1,935.04","1,561.68"
2021년 02월 21일,"1,933.45","1,912.97","1,974.99","1,885.70"
2021년 02월 20일,"1,913.88","1,955.54","2,040.79","1,800.00"
2021년 02월 19일,"1,955.59","1,934.17","1,968.93","1,892.70"
2021년 02월 18일,"1,934.16","1,849.95","1,950.04","1,849.05"
2021년 02월 17일,"1,847.95","1,781.44","1,854.03","1,734.15"
2021년 02월 16일,"1,781.69","1,778.63","1,827.07","1,726.78"
2021년 02월 15일,"1,778.82","1,800.60","1,835.51","1,661.09"
2021년 02월 14일,"1,801.78","1,815.44","1,850.00","1,787.11"
2021년 02월 13일,"1,815.49","1,840.90","1,871.36","1,766.05"
2021년 02월 12일,"1,841.02","1,786.74","1,862.17","1,741.04"
2021년 02월 11일,"1,786.35","1,742.11","1,817.68","1,704.97"
2021년 02월 10일,"1,742.09","1,770.81","1,835.40","1,683.52"
2021년 02월 09일,"1,770.63","1,750.19","1,818.94","1,711.40"
2021년 02월 08일,"1,750.18","1,612.98","1,775.12","1,566.43"
2021년 02월 07일,"1,612.99","1,676.62","1,692.29","1,491.68"
2021년 02월 06일,"1,676.63","1,719.11","1,742.90","1,648.03"
2021년 02월 05일,"1,719.20","1,593.91","1,760.09","1,589.28"
2021년 02월 04일,"1,594.00","1,664.19","1,693.64","1,570.45"
2021년 02월 03일,"1,664.34","1,511.96","1,667.93","1,510.27"
2021년 02월 02일,"1,511.36","1,373.31","1,546.88","1,361.63"
2021년 02월 01일,"1,373.40","1,312.69","1,376.44","1,272.09"
2021년 01월 31일,"1,312.73","1,377.05","1,380.04","1,282.41"
2021년 01월 30일,"1,376.96","1,379.78","1,405.78","1,327.66"
2021년 01월 29일,"1,379.30","1,329.16","1,436.27","1,288.26"
2021년 01월 28일,"1,328.47","1,247.67","1,359.51","1,221.15"
2021년 01월 27일,"1,247.62","1,366.14","1,372.31","1,210.40"
2021년 01월 26일,"1,366.27","1,317.67","1,377.94","1,246.45"
2021년 01월 25일,"1,317.90","1,390.69","1,474.68","1,298.13"
2021년 01월 24일,"1,390.28","1,233.41","1,398.00","1,222.14"
2021년 01월 23일,"1,233.40","1,234.34","1,271.65","1,196.94"
2021년 01월 22일,"1,234.58","1,118.01","1,272.85","1,045.02"
2021년 01월 21일,"1,117.33","1,377.63","1,387.39","1,095.26"
2021년 01월 20일,"1,377.53","1,372.00","1,406.56","1,237.27"
2021년 01월 19일,"1,372.00","1,258.10","1,437.42","1,252.36"
2021년 01월 18일,"1,258.06","1,233.93","1,260.30","1,184.15"
2021년 01월 17일,"1,232.64","1,228.33","1,269.01","1,168.39"
2021년 01월 16일,"1,228.27","1,172.12","1,290.92","1,154.04"
2021년 01월 15일,"1,171.68","1,233.34","1,256.13","1,079.19"
2021년 01월 14일,"1,226.17","1,128.80","1,246.52","1,088.52"
2021년 01월 13일,"1,128.46","1,050.20","1,134.66",990.96
2021년 01월 12일,"1,050.19","1,086.96","1,149.19","1,008.28"
2021년 01월 11일,"1,091.47","1,255.84","1,257.30",917.96
2021년 01월 10일,"1,256.04","1,275.87","1,347.98","1,180.45"
2021년 01월 09일,"1,275.58","1,215.92","1,301.75","1,172.39"
2021년 01월 08일,"1,215.73","1,224.33","1,271.08","1,069.25"
2021년 01월 07일,"1,224.35","1,208.71","1,286.81","1,153.09"
2021년 01월 06일,"1,207.77","1,099.77","1,210.78","1,060.67"
2021년 01월 05일,"1,099.52","1,042.48","1,131.56",976.91
2021년 01월 04일,"1,042.40",977.76,"1,158.27",894.24
2021년 01월 03일,974.97,774.54,"1,008.49",769.57
2021년 01월 02일,774.50,729.00,787.26,715.15
2021년 01월 01일,729.12,735.87,748.96,715.74
2020년 12월 31일,735.94,751.92,755.13,724.67
2020년 12월 30일,751.80,732.04,757.11,720.21
2020년 12월 29일,731.76,730.26,739.77,690.24
2020년 12월 28일,730.05,683.76,747.86,682.47
2020년 12월 27일,683.71,636.35,715.46,627.12
2020년 12월 26일,636.58,626.99,652.36,616.04
2020년 12월 25일,626.93,612.38,633.90,605.01
2020년 12월 24일,612.34,585.47,614.92,566.15
2020년 12월 23일,585.69,637.04,638.11,554.09
2020년 12월 22일,637.47,607.86,637.47,588.24
2020년 12월 21일,607.85,638.28,647.87,599.97
2020년 12월 20일,638.26,657.79,661.04,622.39
2020년 12월 19일,658.17,654.08,669.54,645.91
2020년 12월 18일,653.85,643.28,664.26,630.44
2020년 12월 17일,643.17,637.29,675.68,627.36
2020년 12월 16일,637.38,588.81,638.18,580.90
2020년 12월 15일,588.91,586.22,596.97,579.95
2020년 12월 14일,586.19,590.66,591.41,576.01
2020년 12월 13일,591.09,568.07,594.83,563.37
2020년 12월 12일,567.78,544.16,573.59,543.90
2020년 12월 11일,544.17,558.15,560.28,536.43
2020년 12월 10일,558.13,573.28,575.56,548.99
2020년 12월 09일,573.21,554.95,577.94,530.88
2020년 12월 08일,555.05,591.03,594.78,551.08
2020년 12월 07일,591.09,601.54,603.06,584.53
2020년 12월 06일,601.68,596.61,606.90,583.67
2020년 12월 05일,596.68,567.84,596.73,561.24
2020년 12월 04일,567.91,616.33,619.61,566.34
2020년 12월 03일,616.32,597.94,622.10,587.15
2020년 12월 02일,598.05,585.69,604.34,575.24
2020년 12월 01일,585.66,616.78,635.66,567.79
2020년 11월 30일,615.92,575.35,615.97,571.04
2020년 11월 29일,575.45,537.89,576.52,530.71
2020년 11월 28일,537.74,518.70,547.94,506.97
2020년 11월 27일,518.11,519.69,530.41,494.65
2020년 11월 26일,519.32,569.69,577.08,484.03
2020년 11월 25일,569.67,605.01,605.63,555.32
2020년 11월 24일,605.03,609.20,621.70,589.56
2020년 11월 23일,609.22,559.37,610.33,551.80
2020년 11월 22일,559.40,551.90,580.00,514.44
2020년 11월 21일,551.91,509.94,552.13,505.14
2020년 11월 20일,509.98,471.27,513.06,471.06
2020년 11월 19일,471.21,478.55,480.55,465.41
2020년 11월 18일,478.52,482.05,495.04,459.92
2020년 11월 17일,481.95,460.37,484.59,459.74
2020년 11월 16일,460.43,448.18,465.97,445.82
2020년 11월 15일,448.23,460.75,462.93,440.44
2020년 11월 14일,460.70,476.38,477.34,452.60
2020년 11월 13일,476.29,462.61,477.78,457.65
2020년 11월 12일,462.56,463.33,469.57,452.44
2020년 11월 11일,463.33,450.26,476.08,449.51
2020년 11월 10일,450.22,444.38,454.43,439.50
2020년 11월 09일,444.33,454.55,458.51,434.95
2020년 11월 08일,454.68,435.39,460.09,432.44
2020년 11월 07일,435.40,455.78,467.88,425.57
2020년 11월 06일,455.72,416.59,457.79,415.08
2020년 11월 05일,416.63,402.50,419.94,396.46
2020년 11월 04일,402.19,388.23,407.90,377.22
2020년 11월 03일,387.92,383.64,389.98,370.96
2020년 11월 02일,383.53,396.45,404.04,379.13
2020년 11월 01일,396.29,386.36,397.32,384.94
2020년 10월 31일,386.42,382.81,394.01,380.53
2020년 10월 30일,382.41,387.16,391.98,374.36
2020년 10월 29일,386.76,388.25,393.33,381.53
2020년 10월 28일,388.14,403.11,408.10,381.51
2020년 10월 27일,403.15,393.93,409.85,390.92
2020년 10월 26일,394.11,406.45,410.41,383.21
2020년 10월 25일,406.09,412.44,417.07,403.95
2020년 10월 24일,411.92,408.59,416.28,407.74
2020년 10월 23일,408.52,414.12,419.11,402.91
2020년 10월 22일,414.05,391.39,420.12,391.21
2020년 10월 21일,391.20,368.53,400.36,368.06
2020년 10월 20일,368.35,379.03,380.14,367.16
2020년 10월 19일,379.19,377.85,383.97,372.72
2020년 10월 18일,377.81,368.61,378.49,367.54
2020년 10월 17일,368.63,365.08,369.94,363.18
2020년 10월 16일,365.17,377.60,379.60,362.65
2020년 10월 15일,377.45,378.96,380.77,370.39
2020년 10월 14일,379.15,381.13,387.11,373.62
2020년 10월 13일,381.23,386.64,387.06,374.57
2020년 10월 12일,386.68,374.39,394.58,366.05
2020년 10월 11일,374.19,370.28,377.27,369.23
2020년 10월 10일,370.16,365.25,377.97,364.57
2020년 10월 09일,365.28,350.71,368.19,347.82
2020년 10월 08일,350.83,341.66,352.95,334.79
2020년 10월 07일,341.48,340.59,342.68,334.11
2020년 10월 06일,340.61,353.53,354.90,337.21
2020년 10월 05일,353.28,352.69,354.86,348.76
2020년 10월 04일,352.73,345.60,353.97,344.03
2020년 10월 03일,345.60,345.78,351.04,343.74
2020년 10월 02일,345.68,353.06,353.61,335.91
2020년 10월 01일,353.07,359.50,369.10,345.66
2020년 09월 30일,359.39,359.77,360.94,352.81
2020년 09월 29일,359.86,353.97,360.66,351.48
2020년 09월 28일,354.08,357.42,367.63,352.57
2020년 09월 27일,357.23,354.26,362.00,347.51
2020년 09월 26일,354.25,351.62,355.87,346.95
2020년 09월 25일,351.63,349.13,357.80,338.01
2020년 09월 24일,349.17,319.97,352.60,317.27
2020년 09월 23일,319.95,343.96,344.12,315.54
2020년 09월 22일,344.03,341.32,346.19,336.15
2020년 09월 21일,341.30,371.09,375.34,331.41
2020년 09월 20일,371.12,385.33,385.39,365.48
2020년 09월 19일,385.25,384.25,386.99,377.63
2020년 09월 18일,384.20,389.37,392.21,375.81
2020년 09월 17일,388.97,364.75,393.96,363.54
2020년 09월 16일,364.88,363.91,372.88,355.18
2020년 09월 15일,364.01,376.70,381.67,362.40
2020년 09월 14일,376.70,365.89,383.99,357.54
2020년 09월 13일,365.71,388.06,389.51,353.85
2020년 09월 12일,387.98,373.74,388.12,366.05
2020년 09월 11일,373.72,367.89,374.41,356.38
2020년 09월 10일,367.92,351.10,376.92,350.86
2020년 09월 09일,351.10,337.46,358.33,331.12
2020년 09월 08일,337.46,352.06,355.69,326.66
2020년 09월 07일,352.06,353.49,357.33,325.47
2020년 09월 06일,353.49,334.91,358.09,316.69
2020년 09월 05일,334.91,385.94,394.12,314.13
2020년 09월 04일,385.94,381.97,399.58,368.22
2020년 09월 03일,381.97,439.14,466.40,376.99
2020년 09월 02일,439.08,475.72,480.96,423.26
2020년 09월 01일,475.80,433.89,488.24,429.65
2020년 08월 31일,433.90,428.81,438.71,418.35
2020년 08월 30일,428.86,398.80,429.59,398.47
2020년 08월 29일,398.80,395.32,405.53,391.97
2020년 08월 28일,395.11,383.16,397.64,379.80
2020년 08월 27일,383.11,385.96,396.48,372.53
2020년 08월 26일,385.96,383.16,392.61,377.63
2020년 08월 25일,383.20,407.64,409.02,370.40
2020년 08월 24일,407.70,390.81,410.17,387.62
2020년 08월 23일,390.50,395.56,396.96,383.42
2020년 08월 22일,395.56,388.06,396.87,379.96
2020년 08월 21일,387.99,416.05,418.72,385.21
2020년 08월 20일,416.05,407.39,418.92,402.80
2020년 08월 19일,407.44,422.10,426.65,394.51
2020년 08월 18일,422.16,430.63,433.65,415.45
2020년 08월 17일,430.56,433.62,444.86,420.71
2020년 08월 16일,433.63,432.22,436.58,413.22
2020년 08월 15일,432.18,438.04,442.70,428.75
2020년 08월 14일,438.03,424.28,443.74,418.37
2020년 08월 13일,424.31,387.15,430.33,377.57
2020년 08월 12일,387.12,379.03,389.21,367.05
2020년 08월 11일,379.01,395.52,398.13,367.38
2020년 08월 10일,395.53,390.22,399.05,386.45
2020년 08월 09일,390.23,396.78,399.93,384.31
2020년 08월 08일,396.76,379.57,396.77,376.38
2020년 08월 07일,379.57,394.80,398.14,366.44
2020년 08월 06일,394.83,400.80,403.18,391.67
2020년 08월 05일,400.79,389.62,406.92,384.84
2020년 08월 04일,389.62,385.86,402.01,381.30
2020년 08월 03일,385.80,372.26,397.73,368.46
2020년 08월 02일,372.08,387.15,415.08,335.76
2020년 08월 01일,387.14,346.48,392.37,343.33
2020년 07월 31일,346.51,334.84,349.34,329.02
2020년 07월 30일,334.87,317.79,341.11,314.83
2020년 07월 29일,317.82,316.95,324.93,312.64
2020년 07월 28일,316.96,321.82,326.53,306.40
2020년 07월 27일,321.80,311.12,332.57,311.04
2020년 07월 26일,311.13,305.32,318.54,300.33
2020년 07월 25일,305.32,279.33,308.57,279.33
2020년 07월 24일,279.33,275.33,287.01,268.54
2020년 07월 23일,275.34,263.29,279.53,260.70
2020년 07월 22일,263.28,245.54,266.42,241.89
2020년 07월 21일,245.53,236.10,246.49,235.67
2020년 07월 20일,236.10,239.03,239.71,234.51
2020년 07월 19일,239.01,235.72,239.70,233.35
2020년 07월 18일,235.75,232.77,236.83,232.40
2020년 07월 17일,232.75,233.65,234.53,231.84
2020년 07월 16일,233.65,238.62,239.47,230.44
2020년 07월 15일,238.62,240.49,241.36,237.04
2020년 07월 14일,240.50,239.75,242.08,237.21
2020년 07월 13일,239.73,242.84,245.04,237.71
2020년 07월 12일,242.75,239.20,243.79,236.91
2020년 07월 11일,239.20,241.21,241.64,237.76
2020년 07월 10일,241.26,242.01,242.17,236.19
2020년 07월 09일,242.02,246.93,247.63,238.28
2020년 07월 08일,246.99,239.26,248.76,238.00
2020년 07월 07일,239.25,241.56,243.43,234.92
2020년 07월 06일,241.56,227.95,241.64,227.10
2020년 07월 05일,227.98,229.09,229.80,223.79
2020년 07월 04일,229.15,225.09,230.40,224.80
2020년 07월 03일,225.12,226.42,228.14,224.77
2020년 07월 02일,226.42,230.96,232.04,223.53
2020년 07월 01일,230.95,225.61,232.47,224.33
2020년 06월 30일,225.63,227.88,228.57,223.23
2020년 06월 29일,227.87,225.09,229.83,221.60
2020년 06월 28일,225.09,221.07,227.74,218.46
2020년 06월 27일,221.06,229.72,231.30,217.11
2020년 06월 26일,229.67,232.57,233.50,228.16
2020년 06월 25일,232.56,234.75,235.29,227.99
2020년 06월 24일,234.75,243.20,249.23,231.56
2020년 06월 23일,243.20,243.24,244.77,240.94
2020년 06월 22일,243.25,228.11,246.39,227.69
2020년 06월 21일,228.13,228.87,231.18,227.38
2020년 06월 20일,228.86,229.11,230.96,226.28
2020년 06월 19일,229.11,231.34,231.94,226.97
2020년 06월 18일,231.34,233.85,234.69,228.13
2020년 06월 17일,233.88,235.37,236.55,228.63
2020년 06월 16일,235.36,230.92,235.95,228.99
2020년 06월 15일,230.93,231.99,233.34,219.06
2020년 06월 14일,232.02,238.23,238.48,230.52
2020년 06월 13일,238.22,237.55,238.61,234.86
2020년 06월 12일,237.54,230.72,239.23,228.62
2020년 06월 11일,230.71,247.79,249.77,227.01
2020년 06월 10일,247.78,243.82,249.51,242.54
2020년 06월 09일,243.82,246.19,249.45,240.18
2020년 06월 08일,246.18,244.56,247.11,241.30
2020년 06월 07일,244.56,242.00,244.94,235.44
2020년 06월 06일,242.00,240.27,244.43,238.38
2020년 06월 05일,240.23,243.37,247.50,239.70
2020년 06월 04일,243.37,244.53,246.41,236.68
2020년 06월 03일,244.52,237.90,244.76,233.84
2020년 06월 02일,237.94,248.01,253.21,227.95
2020년 06월 01일,247.97,231.80,249.81,230.85
2020년 05월 31일,231.81,243.63,245.33,230.31
2020년 05월 30일,243.63,220.66,246.55,218.86
2020년 05월 29일,220.66,220.14,224.52,217.84
2020년 05월 28일,220.18,208.20,220.33,204.79
2020년 05월 27일,208.18,200.99,208.18,200.85
2020년 05월 26일,201.00,204.13,204.90,197.30
2020년 05월 25일,204.13,199.99,205.52,198.57
2020년 05월 24일,199.97,206.65,210.40,199.97
2020년 05월 23일,206.62,207.35,211.03,204.97
2020년 05월 22일,207.35,198.75,209.04,196.68
2020년 05월 21일,198.75,210.00,211.58,192.11
2020년 05월 20일,209.99,214.52,215.28,207.03
2020년 05월 19일,214.51,214.88,215.75,209.79
2020년 05월 18일,214.87,207.00,217.00,207.00
2020년 05월 17일,207.00,200.51,209.79,199.77
2020년 05월 16일,200.51,194.85,203.12,193.48
2020년 05월 15일,194.85,203.29,204.02,192.61
2020년 05월 14일,203.30,199.58,205.82,196.21
2020년 05월 13일,199.58,189.82,200.82,188.59
2020년 05월 12일,189.84,185.82,192.04,185.68
2020년 05월 11일,185.96,187.77,193.26,177.43
2020년 05월 10일,187.78,210.19,210.19,180.70
2020년 05월 09일,210.22,211.47,214.50,208.83
2020년 05월 08일,211.45,212.00,216.44,207.25
2020년 05월 07일,212.00,199.05,214.00,197.36
2020년 05월 06일,199.04,205.36,210.62,198.79
2020년 05월 05일,205.36,206.59,211.33,201.75
2020년 05월 04일,206.61,209.85,210.63,195.25
2020년 05월 03일,209.83,213.96,218.74,205.50
2020년 05월 02일,213.96,212.00,215.15,210.51
2020년 05월 01일,212.00,206.23,216.99,206.06
2020년 04월 30일,206.22,215.42,227.05,202.59
2020년 04월 29일,215.40,196.55,218.32,196.45
2020년 04월 28일,196.55,196.13,197.51,192.47
2020년 04월 27일,196.14,197.35,198.80,190.87
2020년 04월 26일,197.35,194.01,199.30,192.52
2020년 04월 25일,194.01,187.57,197.35,186.03
2020년 04월 24일,187.58,185.48,189.33,185.19
2020년 04월 23일,185.46,182.72,192.40,178.54
2020년 04월 22일,182.72,170.79,183.71,169.93
2020년 04월 21일,170.79,170.37,174.48,168.31
2020년 04월 20일,170.40,180.12,186.24,167.51
2020년 04월 19일,180.13,187.47,188.23,177.24
2020년 04월 18일,187.45,170.63,189.22,170.61
2020년 04월 17일,170.63,172.32,174.52,168.55
2020년 04월 16일,172.31,152.90,174.28,148.91
2020년 04월 15일,152.90,158.43,161.06,152.44
2020년 04월 14일,158.45,156.36,161.57,155.52
2020년 04월 13일,156.38,158.76,158.85,150.60
2020년 04월 12일,158.73,158.18,164.75,155.17
2020년 04월 11일,158.18,157.85,161.37,154.01
2020년 04월 10일,157.86,169.67,170.10,152.52
2020년 04월 09일,169.68,173.01,173.20,165.91
2020년 04월 08일,173.00,164.71,174.23,163.73
2020년 04월 07일,164.71,171.07,175.78,162.75
2020년 04월 06일,171.06,142.58,171.24,142.55
2020년 04월 05일,142.58,144.03,145.26,140.84
2020년 04월 04일,144.01,141.13,145.71,139.36
2020년 04월 03일,141.14,141.29,146.46,138.01
2020년 04월 02일,141.30,135.65,148.91,135.26
2020년 04월 01일,135.66,132.88,136.56,128.93
2020년 03월 31일,132.86,132.15,135.14,130.54
2020년 03월 30일,132.15,125.24,134.72,125.02
2020년 03월 29일,125.24,131.02,131.74,124.84
2020년 03월 28일,131.03,131.74,132.68,125.48
2020년 03월 27일,131.74,138.38,140.99,131.09
2020년 03월 26일,138.38,136.08,139.22,133.69
2020년 03월 25일,136.07,138.59,141.88,133.06
2020년 03월 24일,138.62,136.00,142.90,132.67
2020년 03월 23일,136.02,122.46,136.93,120.20
2020년 03월 22일,122.41,132.59,136.86,121.37
2020년 03월 21일,132.58,133.32,137.33,126.01
2020년 03월 20일,133.32,135.43,151.85,118.07
2020년 03월 19일,135.43,117.76,141.05,115.59
2020년 03월 18일,117.77,115.95,117.91,110.16
2020년 03월 17일,116.06,111.06,120.60,109.67
2020년 03월 16일,111.02,124.35,124.38,102.44
2020년 03월 15일,124.35,122.67,132.13,120.93
2020년 03월 14일,122.69,134.02,134.58,121.27
2020년 03월 13일,133.99,107.87,138.86,88.50
2020년 03월 12일,107.90,194.57,195.40,102.83
2020년 03월 11일,194.58,200.61,202.96,182.15
2020년 03월 10일,200.56,202.88,205.62,196.17
2020년 03월 09일,202.85,199.21,208.23,190.73
2020년 03월 08일,199.16,237.30,237.30,196.71
2020년 03월 07일,237.32,244.87,251.55,236.87
2020년 03월 06일,244.90,228.46,244.98,227.71
2020년 03월 05일,228.45,224.36,233.96,224.34
2020년 03월 04일,224.38,223.94,228.66,220.74
2020년 03월 03일,223.94,231.90,232.37,220.34
2020년 03월 02일,231.87,217.96,234.24,216.23
2020년 03월 01일,217.99,217.51,227.44,213.00
2020년 02월 29일,217.52,226.94,232.87,217.43
2020년 02월 28일,226.93,227.60,234.55,214.47
2020년 02월 27일,227.53,224.30,238.07,210.36
2020년 02월 26일,224.30,246.97,250.05,216.39
2020년 02월 25일,246.96,265.63,266.17,245.75
2020년 02월 24일,265.65,274.72,276.81,258.15
2020년 02월 23일,274.72,261.65,275.30,261.24
2020년 02월 22일,261.64,265.14,266.71,256.97
2020년 02월 21일,265.11,257.32,267.80,254.15
2020년 02월 20일,257.39,259.07,264.22,246.46
2020년 02월 19일,259.12,282.33,285.75,253.88
2020년 02월 18일,282.26,267.71,285.59,259.30
2020년 02월 17일,267.63,259.92,268.45,242.11
2020년 02월 16일,259.99,264.87,273.81,237.89
2020년 02월 15일,264.87,285.17,287.93,262.45
2020년 02월 14일,285.25,268.71,286.34,260.78
2020년 02월 13일,268.75,265.59,277.39,257.09
2020년 02월 12일,265.58,236.75,274.89,236.73
2020년 02월 11일,236.76,222.94,238.61,218.22
2020년 02월 10일,222.95,228.61,229.28,217.02
2020년 02월 09일,228.59,223.23,230.38,223.07
2020년 02월 08일,223.23,223.47,227.55,213.75
2020년 02월 07일,223.51,213.15,224.53,213.14
2020년 02월 06일,213.16,203.84,216.14,201.29
2020년 02월 05일,203.83,188.94,207.51,188.26
2020년 02월 04일,188.93,189.80,191.48,188.93
2020년 02월 03일,189.79,188.48,194.92,187.16
2020년 02월 02일,188.50,183.58,193.25,179.49
2020년 02월 01일,183.64,179.88,184.17,179.36
2020년 01월 31일,179.91,184.60,185.67,175.46
2020년 01월 30일,184.59,173.86,186.76,171.20
2020년 01월 29일,173.86,175.78,178.41,173.76
2020년 01월 28일,175.74,170.27,176.06,170.27
2020년 01월 27일,170.27,167.91,171.97,165.45
2020년 01월 26일,167.90,160.40,168.00,159.55
2020년 01월 25일,160.44,162.56,162.72,157.87
2020년 01월 24일,162.55,162.80,164.27,155.65
2020년 01월 23일,162.80,168.15,168.25,159.78
2020년 01월 22일,168.13,169.41,171.27,166.19
2020년 01월 21일,169.41,166.87,169.79,165.53
2020년 01월 20일,166.87,166.92,169.24,161.61
2020년 01월 19일,166.92,174.17,177.77,162.04
2020년 01월 18일,174.19,170.18,179.29,165.34
2020년 01월 17일,170.22,164.39,173.96,162.33
2020년 01월 16일,164.36,166.44,167.18,159.08
2020년 01월 15일,166.45,166.07,166.45,159.74
2020년 01월 14일,166.07,143.59,169.73,143.59
2020년 01월 13일,143.60,146.50,146.87,142.64
2020년 01월 12일,146.46,142.65,146.46,142.00
2020년 01월 11일,142.67,144.81,147.68,142.23
2020년 01월 10일,144.81,137.93,144.86,135.69
2020년 01월 09일,137.92,140.80,141.60,135.85
2020년 01월 08일,140.81,143.01,147.55,137.61
2020년 01월 07일,143.04,144.09,145.13,139.22
2020년 01월 06일,144.08,135.59,144.27,135.17
2020년 01월 05일,135.59,134.32,138.33,134.32
2020년 01월 04일,134.33,134.30,135.57,132.76
2020년 01월 03일,134.27,127.19,134.86,126.05
2020년 01월 02일,127.19,130.75,130.77,126.74
2020년 01월 01일,130.75,129.21,132.97,128.81
2019년 12월 31일,129.21,131.87,133.53,128.27
2019년 12월 30일,131.83,134.40,136.16,130.91
2019년 12월 29일,134.40,128.35,137.74,127.67
2019년 12월 28일,128.35,126.40,129.73,125.98
2019년 12월 27일,126.41,125.92,127.04,123.18
2019년 12월 26일,125.93,125.24,132.12,124.53
2019년 12월 25일,125.24,128.05,128.17,124.18
2019년 12월 24일,128.05,128.07,129.77,127.07
2019년 12월 23일,128.08,132.20,134.92,126.55
2019년 12월 22일,132.19,127.61,133.04,127.09
2019년 12월 21일,127.61,128.69,128.79,126.85
2019년 12월 20일,128.70,128.42,129.66,126.31
2019년 12월 19일,128.42,132.93,133.90,126.12
2019년 12월 18일,132.92,122.06,133.93,117.14
2019년 12월 17일,122.06,132.78,132.96,120.63
2019년 12월 16일,132.78,142.55,142.75,131.00
2019년 12월 15일,142.53,142.03,143.87,140.30
2019년 12월 14일,142.03,144.95,145.17,141.40
2019년 12월 13일,144.96,145.04,145.43,143.51
2019년 12월 12일,145.03,143.51,145.82,140.00
2019년 12월 11일,143.51,145.88,146.57,142.53
2019년 12월 10일,145.86,147.88,148.48,144.49
2019년 12월 09일,147.88,151.17,151.75,147.02
2019년 12월 08일,151.17,148.25,152.22,147.09
2019년 12월 07일,148.28,148.88,149.76,147.54
2019년 12월 06일,148.89,148.70,149.36,147.01
2019년 12월 05일,148.69,145.79,149.08,144.64
2019년 12월 04일,145.79,147.81,151.02,143.95
2019년 12월 03일,147.82,148.89,149.84,146.56
2019년 12월 02일,148.89,151.06,151.63,147.49
2019년 12월 01일,151.04,151.93,152.33,146.26
2019년 11월 30일,151.95,154.57,155.19,150.45
2019년 11월 29일,154.55,151.07,157.27,150.64
2019년 11월 28일,151.07,152.71,154.68,149.71
2019년 11월 27일,152.70,147.60,155.43,141.91
2019년 11월 26일,147.61,145.88,149.81,144.04
2019년 11월 25일,145.90,140.58,151.26,131.78
2019년 11월 24일,140.66,152.46,153.24,139.79
2019년 11월 23일,152.46,149.79,154.25,146.60
2019년 11월 22일,149.80,161.46,163.06,139.13
2019년 11월 21일,161.46,174.96,175.91,158.55
2019년 11월 20일,174.96,176.09,177.42,173.99
2019년 11월 19일,176.09,178.49,178.70,173.48
2019년 11월 18일,178.50,184.19,184.33,176.08
2019년 11월 17일,184.18,182.39,185.97,180.49
2019년 11월 16일,182.42,180.19,183.46,179.53
2019년 11월 15일,180.19,185.24,186.10,178.29
2019년 11월 14일,185.25,188.36,188.91,183.96
2019년 11월 13일,188.36,187.00,189.45,185.70
2019년 11월 12일,186.99,185.09,187.44,183.24
2019년 11월 11일,185.09,188.98,190.17,184.32
2019년 11월 10일,188.99,184.96,191.28,183.55
2019년 11월 09일,184.96,184.02,185.73,182.86
2019년 11월 08일,184.03,186.95,188.35,181.83
2019년 11월 07일,186.94,191.28,192.27,185.48
2019년 11월 06일,191.28,188.66,194.11,188.13
2019년 11월 05일,188.67,185.86,191.45,183.12
2019년 11월 04일,185.85,181.72,188.27,180.69
2019년 11월 03일,181.70,183.01,184.51,179.46
2019년 11월 02일,183.01,183.12,185.18,181.94
2019년 11월 01일,183.12,182.38,184.28,178.69
2019년 10월 31일,182.37,183.25,185.21,178.24
2019년 10월 30일,183.25,190.44,191.58,180.58
2019년 10월 29일,190.45,181.67,192.28,181.67
2019년 10월 28일,181.67,184.06,188.91,180.70
2019년 10월 27일,184.05,179.61,188.33,176.47
2019년 10월 26일,179.62,181.50,192.54,174.35
2019년 10월 25일,181.49,160.73,186.24,160.41
2019년 10월 24일,160.73,162.26,163.68,159.40
2019년 10월 23일,162.28,171.44,171.61,154.42
2019년 10월 22일,171.42,174.17,175.08,170.82
2019년 10월 21일,174.18,175.14,177.67,171.91
2019년 10월 20일,175.14,171.93,176.17,169.56
2019년 10월 19일,171.91,172.79,174.81,170.38
2019년 10월 18일,172.81,177.31,177.47,169.28
2019년 10월 17일,177.31,174.52,178.33,172.12
2019년 10월 16일,174.53,180.57,181.08,172.49
2019년 10월 15일,180.59,186.64,187.67,178.26
2019년 10월 14일,186.63,181.07,186.99,180.65
2019년 10월 13일,181.11,179.86,184.42,178.89
2019년 10월 12일,179.87,180.60,184.49,178.78
2019년 10월 11일,180.60,191.11,195.87,179.76
2019년 10월 10일,191.10,192.65,194.08,187.33
2019년 10월 09일,192.64,180.74,195.08,179.39
2019년 10월 08일,180.78,179.81,184.57,177.74
2019년 10월 07일,179.87,170.52,182.03,169.13
2019년 10월 06일,170.55,176.44,176.87,168.74
2019년 10월 05일,176.43,175.65,176.63,172.39
2019년 10월 04일,175.65,174.58,178.43,171.33
2019년 10월 03일,174.54,180.26,180.57,170.65
2019년 10월 02일,180.27,175.78,180.84,173.97
2019년 10월 01일,175.78,180.36,184.95,174.03
2019년 09월 30일,180.35,169.28,180.52,165.59
2019년 09월 29일,169.29,173.62,174.43,164.97
2019년 09월 28일,173.62,173.19,175.15,168.56
2019년 09월 27일,173.19,164.58,175.65,161.32
2019년 09월 26일,164.56,168.93,169.81,153.17
2019년 09월 25일,168.92,166.29,174.26,162.12
2019년 09월 24일,166.29,201.22,202.97,164.78
2019년 09월 23일,201.18,211.16,211.76,199.82
2019년 09월 22일,211.13,215.23,215.64,206.71
2019년 09월 21일,215.22,218.01,221.17,213.71
2019년 09월 20일,218.00,220.22,221.27,213.12
2019년 09월 19일,220.21,210.44,223.35,202.95
2019년 09월 18일,210.43,207.80,216.89,207.69
2019년 09월 17일,207.77,197.33,214.45,195.95
2019년 09월 16일,197.32,189.10,198.82,188.68
2019년 09월 15일,189.10,188.17,190.23,185.92
2019년 09월 14일,188.16,181.06,188.54,180.09
2019년 09월 13일,181.11,180.87,181.53,177.79
2019년 09월 12일,180.87,178.48,182.37,176.85
2019년 09월 11일,178.47,180.05,182.27,174.86
2019년 09월 10일,180.05,180.64,184.16,177.44
2019년 09월 09일,180.65,181.45,184.76,176.25
2019년 09월 08일,181.44,177.76,183.42,177.36
2019년 09월 07일,177.74,169.14,180.63,168.42
2019년 09월 06일,169.15,173.82,177.79,166.16
2019년 09월 05일,173.83,174.80,175.56,170.54
2019년 09월 04일,174.79,178.82,180.06,173.85
2019년 09월 03일,178.81,178.10,182.59,175.37
2019년 09월 02일,178.11,169.72,180.56,169.45
2019년 09월 01일,169.72,171.62,173.22,167.08
2019년 08월 31일,171.62,168.14,174.43,166.16
2019년 08월 30일,168.16,168.68,170.27,165.38
2019년 08월 29일,168.66,172.85,173.05,164.04
2019년 08월 28일,172.85,186.60,187.13,167.57
2019년 08월 27일,186.58,188.36,188.61,184.26
2019년 08월 26일,188.34,186.32,193.09,186.02
2019년 08월 25일,186.30,190.16,191.49,182.81
2019년 08월 24일,190.15,193.42,193.47,186.13
2019년 08월 23일,193.43,190.29,195.32,175.80
2019년 08월 22일,190.29,187.27,194.42,182.97
2019년 08월 21일,187.24,196.15,196.78,181.29
2019년 08월 20일,196.14,201.65,201.96,194.55
2019년 08월 19일,201.64,193.67,202.81,192.33
2019년 08월 18일,193.68,184.83,197.17,182.96
2019년 08월 17일,184.81,184.55,186.12,181.58
2019년 08월 16일,184.55,187.67,188.03,179.35
2019년 08월 15일,187.80,186.59,189.30,176.08
2019년 08월 14일,186.56,207.68,209.43,183.74
2019년 08월 13일,207.68,210.48,211.01,106.01
2019년 08월 12일,210.45,215.84,215.97,209.49
2019년 08월 11일,215.83,205.92,216.23,205.64
2019년 08월 10일,205.93,209.46,213.53,202.35
2019년 08월 09일,209.49,220.12,220.49,206.40
2019년 08월 08일,220.16,224.68,226.11,215.57
2019년 08월 07일,224.66,225.62,229.22,220.62
2019년 08월 06일,225.63,232.45,237.47,222.46
2019년 08월 05일,232.45,220.76,235.00,220.75
2019년 08월 04일,220.72,220.89,222.21,216.31
2019년 08월 03일,220.89,216.52,223.00,215.52
2019년 08월 02일,216.54,216.37,220.84,213.93
2019년 08월 01일,216.37,217.23,217.55,211.23
2019년 07월 31일,217.23,208.49,218.19,208.17
2019년 07월 30일,208.49,209.81,212.88,204.54
2019년 07월 29일,209.82,210.39,214.45,207.37
2019년 07월 28일,210.37,206.64,212.01,199.68
2019년 07월 27일,206.62,217.80,222.70,203.50
2019년 07월 26일,217.83,217.65,218.65,212.07
2019년 07월 25일,217.65,215.45,224.05,214.79
2019년 07월 24일,215.44,211.86,217.02,202.30
2019년 07월 23일,211.87,217.27,218.03,208.31
2019년 07월 22일,217.27,225.03,227.47,212.46
2019년 07월 21일,225.01,227.83,228.76,217.72
2019년 07월 20일,227.86,220.11,233.70,219.80
2019년 07월 19일,220.09,225.23,225.68,213.57
2019년 07월 18일,225.23,210.95,228.42,206.47
2019년 07월 17일,210.95,198.88,219.13,192.91
2019년 07월 16일,198.87,228.49,234.41,193.48
2019년 07월 15일,228.49,226.56,235.43,204.39
2019년 07월 14일,226.62,269.12,269.62,223.95
2019년 07월 13일,269.16,274.68,275.04,262.85
2019년 07월 12일,274.68,268.72,278.33,266.81
2019년 07월 11일,268.72,289.13,289.14,263.08
2019년 07월 10일,289.10,307.44,313.81,281.53
2019년 07월 09일,307.41,312.23,317.94,303.38
2019년 07월 08일,312.23,304.87,313.15,301.60
2019년 07월 07일,304.88,288.11,309.42,285.28
2019년 07월 06일,288.08,287.16,296.06,285.61
2019년 07월 05일,287.15,283.36,293.61,281.92
2019년 07월 04일,283.43,300.51,301.56,281.18
2019년 07월 03일,300.58,291.48,301.64,289.39
2019년 07월 02일,291.41,294.87,297.00,273.07
2019년 07월 01일,294.83,292.23,303.00,280.35
2019년 06월 30일,292.21,318.26,323.21,290.78
2019년 06월 29일,318.48,310.52,324.13,295.44
2019년 06월 28일,310.56,297.73,312.70,295.30
2019년 06월 27일,297.55,338.54,345.83,279.82
2019년 06월 26일,338.54,317.65,364.89,315.99
2019년 06월 25일,317.65,311.47,318.49,307.75
2019년 06월 24일,311.46,308.51,313.67,297.90
2019년 06월 23일,308.53,310.39,320.79,306.12
2019년 06월 22일,310.38,294.69,314.00,292.09
2019년 06월 21일,294.72,271.45,295.72,271.45
2019년 06월 20일,271.43,268.26,273.18,264.83
2019년 06월 19일,268.26,264.59,269.79,263.61
2019년 06월 18일,264.59,273.02,273.26,261.76
2019년 06월 17일,273.00,268.00,274.14,266.96
2019년 06월 16일,267.98,267.74,282.75,263.96
2019년 06월 15일,267.75,262.53,271.61,260.92
2019년 06월 14일,262.53,254.89,268.81,252.01
2019년 06월 13일,254.86,261.38,262.47,254.02
2019년 06월 12일,261.54,244.38,261.67,242.57
2019년 06월 11일,244.41,246.85,247.77,237.60
2019년 06월 10일,246.86,231.21,246.99,227.38
2019년 06월 09일,231.27,243.43,244.36,227.00
2019년 06월 08일,243.42,248.98,250.51,241.09
2019년 06월 07일,248.98,248.63,253.12,244.33
2019년 06월 06일,248.54,245.81,250.00,236.40
2019년 06월 05일,245.83,241.27,248.24,237.94
2019년 06월 04일,241.26,250.26,251.47,235.35
2019년 06월 03일,250.37,269.03,269.77,248.77
2019년 06월 02일,269.01,264.26,272.64,263.59
2019년 06월 01일,264.31,267.94,274.94,261.14
2019년 05월 31일,267.99,254.57,268.70,246.61
2019년 05월 30일,254.52,268.62,287.99,241.51
2019년 05월 29일,268.61,271.16,273.72,260.85
2019년 05월 28일,271.18,270.97,275.39,265.50
2019년 05월 27일,270.98,264.66,279.07,262.96
2019년 05월 26일,264.68,250.69,268.75,245.92
2019년 05월 25일,250.68,249.20,256.90,247.90
2019년 05월 24일,249.17,244.68,254.22,241.74
2019년 05월 23일,244.68,244.35,247.30,231.89
2019년 05월 22일,244.34,253.70,259.70,241.68
2019년 05월 21일,253.76,250.72,261.59,246.85
2019년 05월 20일,250.72,259.68,259.68,238.64
2019년 05월 19일,259.63,233.87,263.05,232.85
2019년 05월 18일,233.89,244.38,247.84,232.13
2019년 05월 17일,244.45,264.68,267.80,224.62
2019년 05월 16일,264.69,248.14,278.52,244.27
2019년 05월 15일,248.15,217.34,249.78,217.32
2019년 05월 14일,217.42,196.00,220.02,195.22
2019년 05월 13일,196.02,188.09,206.10,185.69
2019년 05월 12일,188.07,192.17,202.93,182.81
2019년 05월 11일,192.27,172.78,204.72,172.75
2019년 05월 10일,172.77,170.85,175.78,168.86
2019년 05월 09일,170.84,170.76,173.28,167.03
2019년 05월 08일,170.77,169.34,172.68,165.70
2019년 05월 07일,169.34,172.99,181.39,169.06
2019년 05월 06일,173.00,163.03,176.98,159.66
2019년 05월 05일,163.03,163.67,165.25,159.56
2019년 05월 04일,163.68,167.87,171.04,160.36
2019년 05월 03일,167.86,161.66,169.80,160.86
2019년 05월 02일,161.66,160.35,162.88,159.22
2019년 05월 01일,160.38,161.84,163.70,158.85
2019년 04월 30일,161.80,154.94,162.56,154.94
2019년 04월 29일,154.93,158.30,159.16,152.60
2019년 04월 28일,158.27,159.43,160.28,157.54
2019년 04월 27일,159.41,157.96,161.95,156.74
2019년 04월 26일,157.97,155.16,161.82,152.32
2019년 04월 25일,155.18,165.23,165.81,151.73
2019년 04월 24일,165.22,169.94,170.53,154.87
2019년 04월 23일,169.95,170.87,175.92,169.01
2019년 04월 22일,170.87,168.50,172.32,167.07
2019년 04월 21일,168.52,172.89,173.42,164.81
2019년 04월 20일,172.73,172.79,176.71,170.17
2019년 04월 19일,172.79,173.34,173.41,169.15
2019년 04월 18일,173.33,165.91,175.02,165.38
2019년 04월 17일,165.90,165.61,167.21,164.26
2019년 04월 16일,165.65,160.16,166.64,159.52
2019년 04월 15일,160.17,167.30,168.63,153.65
2019년 04월 14일,167.29,163.19,168.18,161.52
2019년 04월 13일,163.19,163.46,165.27,161.34
2019년 04월 12일,163.47,164.37,166.08,158.93
2019년 04월 11일,164.36,177.39,177.63,159.60
2019년 04월 10일,177.37,175.09,183.49,171.61
2019년 04월 09일,175.09,179.16,179.24,172.15
2019년 04월 08일,179.16,174.32,185.54,171.87
2019년 04월 07일,174.33,165.58,175.37,164.17
2019년 04월 06일,165.55,164.93,172.53,160.22
2019년 04월 05일,164.93,157.43,167.34,156.42
2019년 04월 04일,157.43,160.34,164.33,153.26
2019년 04월 03일,160.34,163.47,177.29,152.24
2019년 04월 02일,163.47,141.50,165.42,141.29
2019년 04월 01일,141.50,141.77,143.28,140.26
2019년 03월 31일,141.79,142.65,142.69,140.71
2019년 03월 30일,142.65,143.38,145.85,140.43
2019년 03월 29일,143.38,138.17,143.53,138.13
2019년 03월 28일,138.15,139.63,140.33,137.68
2019년 03월 27일,139.65,134.37,140.08,133.89
2019년 03월 26일,134.37,134.25,134.99,132.61
2019년 03월 25일,134.25,136.44,137.05,132.36
2019년 03월 24일,136.44,137.53,137.53,135.50
2019년 03월 23일,137.53,136.42,138.30,135.76
2019년 03월 22일,136.42,135.11,137.44,134.65
2019년 03월 21일,135.11,139.32,139.74,133.05
2019년 03월 20일,139.31,138.72,139.75,136.56
2019년 03월 19일,138.72,137.92,139.50,137.10
2019년 03월 18일,137.92,138.91,141.87,136.86
2019년 03월 17일,138.91,141.15,141.17,137.61
2019년 03월 16일,141.15,136.77,143.95,136.75
2019년 03월 15일,136.75,132.44,137.68,132.44
2019년 03월 14일,132.45,131.97,134.82,130.48
2019년 03월 13일,131.97,133.81,133.84,131.20
2019년 03월 12일,133.80,132.99,134.93,129.14
2019년 03월 11일,132.99,135.72,136.23,131.66
2019년 03월 10일,135.72,137.52,137.75,134.53
2019년 03월 09일,137.52,133.84,138.57,133.38
2019년 03월 08일,133.85,136.93,139.45,131.66
2019년 03월 07일,136.93,137.62,139.98,135.72
2019년 03월 06일,137.62,136.82,149.49,133.94
2019년 03월 05일,136.82,125.97,141.11,125.44
2019년 03월 04일,125.97,131.02,131.57,123.25
2019년 03월 03일,131.01,132.77,168.42,129.05
2019년 03월 02일,132.76,135.72,136.36,130.74
2019년 03월 01일,135.72,135.47,138.06,128.46
2019년 02월 28일,135.47,135.20,138.56,133.09
2019년 02월 27일,135.20,136.66,159.60,128.15
2019년 02월 26일,136.67,138.26,138.66,134.48
2019년 02월 25일,138.27,132.94,141.57,132.85
2019년 02월 24일,132.93,158.31,165.79,132.87
2019년 02월 23일,158.30,147.97,159.31,146.28
2019년 02월 22일,147.97,145.79,148.83,144.27
2019년 02월 21일,145.78,149.01,149.55,143.50
2019년 02월 20일,149.11,144.02,149.46,140.88
2019년 02월 19일,144.01,145.79,149.84,143.80
2019년 02월 18일,145.80,133.79,147.64,125.07
2019년 02월 17일,133.79,122.88,135.27,122.78
2019년 02월 16일,122.87,121.72,124.50,121.71
2019년 02월 15일,121.73,120.97,124.00,120.87
2019년 02월 14일,120.97,122.21,124.46,120.44
2019년 02월 13일,122.22,122.66,126.17,121.06
2019년 02월 12일,122.64,121.32,123.99,119.28
2019년 02월 11일,121.30,124.94,125.05,119.55
2019년 02월 10일,124.92,119.44,125.46,116.42
2019년 02월 09일,119.44,119.27,121.09,117.96
2019년 02월 08일,119.23,104.55,122.58,103.89
2019년 02월 07일,104.55,104.63,106.12,104.29
2019년 02월 06일,104.63,107.37,107.67,102.28
2019년 02월 05일,107.37,107.91,108.32,106.60
2019년 02월 04일,107.90,107.63,109.24,106.95
2019년 02월 03일,107.62,110.67,111.25,106.36
2019년 02월 02일,110.68,106.99,111.16,106.29
2019년 02월 01일,106.98,106.74,108.54,104.41
2019년 01월 31일,106.71,108.51,110.56,105.86
2019년 01월 30일,108.52,104.76,109.67,103.82
2019년 01월 29일,104.79,105.82,107.32,102.89
2019년 01월 28일,105.82,112.50,113.14,101.60
2019년 01월 27일,112.50,115.83,116.24,112.03
2019년 01월 26일,115.83,115.50,117.63,115.37
2019년 01월 25일,115.50,116.70,117.41,115.03
2019년 01월 24일,116.71,116.84,117.32,114.93
2019년 01월 23일,116.84,118.23,119.01,115.52
2019년 01월 22일,118.23,116.05,119.47,112.36
2019년 01월 21일,116.05,117.52,118.04,114.15
2019년 01월 20일,117.52,123.00,123.52,116.25
2019년 01월 19일,123.02,119.34,125.37,119.34
2019년 01월 18일,119.34,122.02,122.19,118.27
2019년 01월 17일,122.03,121.71,123.03,117.51
2019년 01월 16일,121.72,119.59,126.50,119.10
2019년 01월 15일,119.62,127.55,129.60,116.90
2019년 01월 14일,127.53,114.65,130.30,114.62
2019년 01월 13일,114.64,123.75,124.09,112.79
2019년 01월 12일,123.75,125.15,126.15,122.73
2019년 01월 11일,125.15,125.61,127.83,121.28
2019년 01월 10일,125.63,148.78,150.09,121.98
2019년 01월 09일,148.79,148.41,152.57,147.95
2019년 01월 08일,148.41,149.96,152.21,146.29
2019년 01월 07일,149.96,154.96,156.36,148.47
2019년 01월 06일,154.96,153.48,158.29,148.63
2019년 01월 05일,153.49,152.87,159.78,152.84
2019년 01월 04일,152.86,146.94,155.40,145.29
2019년 01월 03일,146.94,152.96,154.30,144.39
2019년 01월 02일,152.95,139.58,155.93,138.74
2019년 01월 01일,139.61,131.90,140.51,130.67
2018년 12월 31일,131.90,138.45,138.72,129.61
2018년 12월 30일,138.45,133.64,139.76,129.51
2018년 12월 29일,133.67,136.59,146.02,130.71
2018년 12월 28일,136.61,114.57,137.22,113.14
2018년 12월 27일,114.56,130.06,131.51,112.59
2018년 12월 26일,130.06,128.39,136.13,123.39
2018년 12월 25일,128.39,139.06,139.74,122.14
2018년 12월 24일,139.23,129.60,158.27,129.48
2018년 12월 23일,129.60,115.85,132.46,115.79
2018년 12월 22일,115.84,108.18,115.87,105.97
2018년 12월 21일,108.18,114.60,118.67,105.59
2018년 12월 20일,114.61,99.36,116.35,98.63
2018년 12월 19일,99.37,100.68,107.89,98.57
2018년 12월 18일,100.66,94.37,101.33,91.96
2018년 12월 17일,94.37,84.72,96.99,84.61
2018년 12월 16일,84.72,83.90,87.62,83.89
2018년 12월 15일,83.90,83.81,85.07,81.97
2018년 12월 14일,83.81,86.31,87.00,82.28
2018년 12월 13일,86.31,89.62,90.72,84.83
2018년 12월 12일,89.62,87.72,91.33,87.19
2018년 12월 11일,88.32,90.18,91.94,86.25
2018년 12월 10일,90.17,93.62,95.30,88.68
2018년 12월 09일,93.62,90.56,98.76,88.82
2018년 12월 08일,90.57,93.28,97.98,84.75
2018년 12월 07일,93.27,90.85,96.99,77.65
2018년 12월 06일,90.86,102.36,104.42,90.57
2018년 12월 05일,102.33,110.14,110.70,102.24
2018년 12월 04일,110.09,108.66,113.16,106.13
2018년 12월 03일,108.66,116.40,127.08,106.79
2018년 12월 02일,116.41,118.23,120.71,116.08
2018년 12월 01일,118.23,113.76,120.45,111.62
2018년 11월 30일,113.77,117.86,119.80,111.73
2018년 11월 29일,117.85,122.75,123.77,114.81
2018년 11월 28일,122.74,111.19,126.60,111.19
2018년 11월 27일,111.18,110.08,113.67,102.84
2018년 11월 26일,110.08,118.03,120.56,106.44
2018년 11월 25일,118.04,114.42,121.10,102.80
2018년 11월 24일,114.43,124.63,129.34,111.79
2018년 11월 23일,124.64,126.17,128.08,119.76
2018년 11월 22일,126.12,137.75,139.74,125.93
2018년 11월 21일,137.72,132.90,140.86,126.84
2018년 11월 20일,132.92,150.27,153.55,127.30
2018년 11월 19일,150.12,178.76,178.93,146.86
2018년 11월 18일,178.65,176.53,182.07,176.06
2018년 11월 17일,176.53,176.99,177.93,174.94
2018년 11월 16일,177.01,184.10,184.88,175.29
2018년 11월 15일,184.10,187.51,189.79,171.99
2018년 11월 14일,187.46,210.44,210.59,177.34
2018년 11월 13일,210.44,212.79,213.88,209.40
2018년 11월 12일,212.79,213.10,214.95,211.54
2018년 11월 11일,213.18,213.19,214.22,209.51
2018년 11월 10일,213.21,211.39,215.47,210.61
2018년 11월 09일,211.39,212.87,215.26,209.23
2018년 11월 08일,212.87,218.80,220.53,212.79
2018년 11월 07일,218.80,220.22,224.64,217.16
2018년 11월 06일,220.22,210.67,221.32,209.15
2018년 11월 05일,210.67,211.86,212.42,207.82
2018년 11월 04일,211.86,200.27,218.35,199.38
2018년 11월 03일,200.23,202.67,203.16,199.63
2018년 11월 02일,202.66,198.17,203.75,198.13
2018년 11월 01일,198.17,198.59,199.79,197.84
2018년 10월 31일,198.59,197.27,201.89,193.00
2018년 10월 30일,197.39,196.83,198.96,195.28
2018년 10월 29일,197.05,204.84,205.79,195.03
2018년 10월 28일,204.99,204.36,205.52,203.05
2018년 10월 27일,204.36,204.78,206.22,203.06
2018년 10월 26일,204.58,204.08,208.94,203.19
2018년 10월 25일,204.11,205.12,206.12,202.99
2018년 10월 24일,205.12,205.68,207.86,205.00
2018년 10월 23일,205.68,207.03,207.95,202.99
2018년 10월 22일,206.77,207.38,209.39,205.50
2018년 10월 21일,207.37,207.76,211.65,207.04
2018년 10월 20일,208.04,205.12,209.37,203.65
2018년 10월 19일,204.97,206.60,208.74,204.02
2018년 10월 18일,206.58,213.16,215.23,203.95
2018년 10월 17일,213.46,215.06,216.60,210.10
2018년 10월 16일,215.06,214.27,218.71,211.37
2018년 10월 15일,214.26,197.09,235.83,195.40
2018년 10월 14일,197.08,201.22,207.53,195.51
2018년 10월 13일,201.22,196.67,206.13,196.41
2018년 10월 12일,196.70,190.89,202.90,190.89
2018년 10월 11일,190.89,226.33,226.36,188.65
2018년 10월 10일,226.30,228.28,231.32,224.74
2018년 10월 09일,228.25,229.83,232.66,226.81
2018년 10월 08일,229.84,226.11,231.66,224.79
2018년 10월 07일,226.11,225.19,227.44,222.00
2018년 10월 06일,225.18,228.34,228.69,223.01
2018년 10월 05일,228.34,222.33,231.88,220.00
2018년 10월 04일,222.57,220.48,227.14,219.75
2018년 10월 03일,220.51,225.84,227.15,216.44
2018년 10월 02일,225.84,231.77,232.97,223.75
2018년 10월 01일,231.77,232.80,235.95,225.33
2018년 09월 30일,232.80,231.90,238.64,227.01
2018년 09월 29일,231.87,221.95,237.45,215.15
2018년 09월 28일,221.77,229.18,234.14,215.39
2018년 09월 27일,229.15,214.46,232.60,211.31
2018년 09월 26일,214.35,219.14,222.41,208.91
2018년 09월 25일,219.04,228.02,228.59,204.84
2018년 09월 24일,228.01,244.67,246.87,225.73
2018년 09월 23일,244.67,240.82,249.02,238.14
2018년 09월 22일,240.82,247.92,254.36,233.46
2018년 09월 21일,247.92,224.43,250.74,222.05
2018년 09월 20일,224.42,209.74,225.48,207.78
2018년 09월 19일,209.74,209.02,214.91,199.19
2018년 09월 18일,209.03,196.17,213.93,195.24
2018년 09월 17일,196.24,220.20,224.48,192.87
2018년 09월 16일,220.20,221.94,223.14,208.61
2018년 09월 15일,221.94,209.88,259.37,209.06
2018년 09월 14일,209.98,210.98,224.60,203.16
2018년 09월 13일,211.00,183.11,214.57,183.11
2018년 09월 12일,182.98,185.07,186.57,169.08
2018년 09월 11일,185.07,197.05,200.42,177.29
2018년 09월 10일,197.04,195.81,203.64,187.35
2018년 09월 09일,195.80,196.69,208.23,187.26
2018년 09월 08일,196.79,215.51,220.85,191.16
2018년 09월 07일,215.60,229.58,234.49,214.84
2018년 09월 06일,229.60,228.76,232.66,212.90
2018년 09월 05일,228.77,285.17,288.01,227.76
2018년 09월 04일,285.17,288.98,292.60,283.40
2018년 09월 03일,288.92,295.05,296.76,285.95
2018년 09월 02일,295.05,295.32,299.38,289.45
2018년 09월 01일,295.31,281.94,301.92,281.76
2018년 08월 31일,281.94,283.97,284.85,277.13
2018년 08월 30일,283.97,288.41,290.91,272.85
2018년 08월 29일,288.42,295.61,297.11,284.45
2018년 08월 28일,295.62,286.57,297.86,282.57
2018년 08월 27일,286.57,274.46,286.57,271.90
2018년 08월 26일,274.46,277.61,281.34,269.75
2018년 08월 25일,277.61,281.29,282.74,276.53
2018년 08월 24일,281.29,276.12,282.71,270.91
2018년 08월 23일,276.12,269.84,279.19,268.94
2018년 08월 22일,269.84,280.90,298.20,266.40
2018년 08월 21일,280.90,271.90,282.77,270.26
2018년 08월 20일,271.08,299.33,303.74,270.17
2018년 08월 19일,299.33,293.90,306.30,289.50
2018년 08월 18일,293.89,316.91,320.81,282.76
2018년 08월 17일,316.90,286.76,316.90,285.78
2018년 08월 16일,286.76,281.12,298.19,278.60
2018년 08월 15일,281.12,278.30,303.85,277.91
2018년 08월 14일,278.19,284.00,284.00,250.84
2018년 08월 13일,284.01,318.20,321.22,281.17
2018년 08월 12일,318.18,317.63,327.51,314.71
2018년 08월 11일,317.59,331.78,332.52,305.19
2018년 08월 10일,331.81,363.33,365.36,326.67
2018년 08월 09일,363.34,355.48,369.74,351.07
2018년 08월 08일,355.44,378.29,380.15,348.98
2018년 08월 07일,378.25,405.38,410.57,370.06
2018년 08월 06일,405.40,408.81,413.40,401.66
2018년 08월 05일,408.85,407.11,412.51,401.22
2018년 08월 04일,407.09,417.58,419.70,402.52
2018년 08월 03일,417.58,411.00,419.74,398.10
2018년 08월 02일,411.00,420.33,424.51,408.21
2018년 08월 01일,420.30,431.88,434.43,407.96
2018년 07월 31일,431.50,456.65,457.33,427.81
2018년 07월 30일,456.64,466.41,468.60,447.06
2018년 07월 29일,466.41,468.89,471.78,462.04
2018년 07월 28일,468.78,470.24,471.47,461.55
2018년 07월 27일,470.23,462.79,473.58,457.36
2018년 07월 26일,462.75,472.03,484.59,460.61
2018년 07월 25일,472.03,479.78,484.97,464.75
2018년 07월 24일,479.88,450.58,484.30,449.44
2018년 07월 23일,450.56,459.02,470.37,448.14
2018년 07월 22일,459.02,461.51,472.88,456.35
2018년 07월 21일,461.52,449.44,468.95,443.04
2018년 07월 20일,449.38,469.48,469.74,441.74
2018년 07월 19일,469.47,480.00,484.00,463.94
2018년 07월 18일,480.00,499.86,515.20,470.91
2018년 07월 17일,499.87,479.68,511.54,467.33
2018년 07월 16일,479.79,450.87,480.84,446.14
2018년 07월 15일,450.81,434.09,455.68,432.59
2018년 07월 14일,434.09,432.88,439.94,429.89
2018년 07월 13일,432.85,430.86,442.02,425.77
2018년 07월 12일,430.84,445.96,446.27,418.71
2018년 07월 11일,445.99,432.67,447.62,425.60
2018년 07월 10일,432.67,471.77,473.36,429.39
2018년 07월 09일,471.52,486.41,488.10,469.93
2018년 07월 08일,486.45,485.40,494.03,482.24
2018년 07월 07일,485.40,469.91,486.18,464.29
2018년 07월 06일,469.90,468.47,474.58,455.05
2018년 07월 05일,468.47,467.58,478.59,459.68
2018년 07월 04일,467.52,461.90,480.69,453.94
2018년 07월 03일,461.89,475.73,483.93,460.63
2018년 07월 02일,475.70,452.57,479.94,442.29
2018년 07월 01일,452.57,452.72,456.02,445.06
2018년 06월 30일,452.67,434.92,457.49,433.46
2018년 06월 29일,435.37,421.23,441.29,406.12
2018년 06월 28일,421.27,442.16,443.32,418.62
2018년 06월 27일,442.16,430.32,445.38,423.01
2018년 06월 26일,430.33,458.76,459.96,429.87
2018년 06월 25일,458.76,454.81,472.54,437.08
2018년 06월 24일,454.81,474.14,475.74,419.56
2018년 06월 23일,474.14,462.58,482.42,456.46
2018년 06월 22일,462.57,525.97,526.26,450.72
2018년 06월 21일,526.01,536.31,544.71,522.47
2018년 06월 20일,536.31,538.22,541.08,517.42
2018년 06월 19일,538.22,517.91,547.50,514.88
2018년 06월 18일,517.91,496.47,523.95,489.16
2018년 06월 17일,496.43,496.95,507.19,494.73
2018년 06월 16일,496.93,487.88,502.47,484.89
2018년 06월 15일,487.88,519.49,520.73,483.99
2018년 06월 14일,519.49,476.17,525.21,461.62
2018년 06월 13일,476.17,494.60,501.64,450.67
2018년 06월 12일,494.48,531.40,538.16,484.99
2018년 06월 11일,531.42,524.64,535.63,510.29
2018년 06월 10일,524.64,593.80,593.82,503.43
2018년 06월 09일,593.80,599.67,608.65,592.54
2018년 06월 08일,599.67,604.71,608.32,593.74
2018년 06월 07일,604.71,606.39,616.52,600.29
2018년 06월 06일,606.39,608.83,611.63,593.98
2018년 06월 05일,608.83,591.44,613.00,577.53
2018년 06월 04일,591.44,619.09,624.81,580.71
2018년 06월 03일,619.08,591.33,627.51,590.81
2018년 06월 02일,591.30,579.34,598.78,574.80
2018년 06월 01일,579.30,577.87,589.55,565.69
2018년 05월 31일,577.87,557.96,586.15,554.96
2018년 05월 30일,557.98,566.86,584.90,543.16
2018년 05월 29일,566.81,512.32,572.71,511.94
2018년 05월 28일,512.29,570.67,575.00,507.72
2018년 05월 27일,570.69,586.63,591.48,558.44
2018년 05월 26일,586.76,585.39,606.26,579.36
2018년 05월 25일,585.39,602.40,616.48,569.77
2018년 05월 24일,602.43,577.52,609.39,547.39
2018년 05월 23일,577.55,642.02,649.85,564.74
2018년 05월 22일,642.17,696.84,698.48,639.20
2018년 05월 21일,696.85,716.02,718.06,694.07
2018년 05월 20일,716.02,696.73,722.92,688.70
2018년 05월 19일,696.76,693.28,716.51,683.38
2018년 05월 18일,693.28,668.98,694.24,658.25
2018년 05월 17일,668.97,706.53,718.50,663.91
2018년 05월 16일,706.53,705.73,710.49,667.51
2018년 05월 15일,705.73,727.06,738.71,696.63
2018년 05월 14일,727.06,729.41,741.52,687.16
2018년 05월 13일,729.37,684.77,739.67,669.20
2018년 05월 12일,683.94,676.97,689.83,635.23
2018년 05월 11일,676.21,724.36,736.58,665.81
2018년 05월 10일,724.40,751.98,768.24,723.39
2018년 05월 09일,751.62,747.98,759.71,711.49
2018년 05월 08일,748.48,759.35,761.43,721.49
2018년 05월 07일,754.03,793.29,797.30,700.40
2018년 05월 06일,793.19,818.75,838.26,755.09
2018년 05월 05일,818.33,785.29,830.03,782.18
2018년 05월 04일,785.20,778.97,806.90,760.10
2018년 05월 03일,778.95,688.23,788.61,686.79
2018년 05월 02일,688.15,671.31,690.97,664.29
2018년 05월 01일,671.26,670.12,674.36,630.33
2018년 04월 30일,670.07,689.83,693.85,664.03
2018년 04월 29일,689.90,683.49,700.05,669.15
2018년 04월 28일,683.49,643.96,693.79,640.92
2018년 04월 27일,643.97,661.65,685.54,641.84
2018년 04월 26일,662.36,617.37,665.20,600.69
2018년 04월 25일,617.36,702.94,703.25,594.98
2018년 04월 24일,703.02,644.08,711.74,644.05
2018년 04월 23일,644.13,622.01,648.58,619.81
2018년 04월 22일,622.23,605.58,643.58,591.78
2018년 04월 21일,605.59,617.10,623.86,574.73
2018년 04월 20일,617.04,567.70,620.58,558.27
2018년 04월 19일,567.49,525.74,570.15,522.15
2018년 04월 18일,525.66,503.24,526.41,502.02
2018년 04월 17일,503.19,511.75,520.86,501.73
2018년 04월 16일,511.82,533.89,537.32,498.87
2018년 04월 15일,533.90,502.52,534.18,502.52
2018년 04월 14일,502.52,494.36,514.14,486.89
2018년 04월 13일,493.48,494.25,528.71,482.19
2018년 04월 12일,494.03,430.13,498.13,414.07
2018년 04월 11일,430.14,415.43,433.25,412.35
2018년 04월 10일,415.45,399.04,417.84,391.81
2018년 04월 09일,399.05,400.67,430.85,388.05
2018년 04월 08일,400.71,384.85,403.71,384.85
2018년 04월 07일,384.87,369.97,394.66,369.41
2018년 04월 06일,369.97,381.69,385.70,363.83
2018년 04월 05일,381.52,378.62,386.91,367.21
2018년 04월 04일,378.68,415.58,416.38,371.35
2018년 04월 03일,415.55,385.02,418.78,380.89
2018년 04월 02일,385.07,378.85,393.94,375.67
2018년 04월 01일,378.75,394.10,399.46,359.49
2018년 03월 31일,393.96,393.75,419.07,390.09
2018년 03월 30일,393.79,384.13,411.17,366.12
2018년 03월 29일,384.12,446.86,449.33,380.85
2018년 03월 28일,446.84,448.73,465.09,440.84
2018년 03월 27일,448.48,485.97,491.77,446.70
2018년 03월 26일,485.98,523.46,526.22,467.46
2018년 03월 25일,523.50,520.44,535.11,513.05
2018년 03월 24일,520.45,543.15,545.15,520.05
2018년 03월 23일,543.42,539.90,543.51,508.36
2018년 03월 22일,539.87,559.90,577.63,517.81
2018년 03월 21일,560.24,557.09,589.83,545.87
2018년 03월 20일,557.08,555.75,566.63,517.02
2018년 03월 19일,556.16,536.72,558.33,516.31
2018년 03월 18일,536.72,549.96,559.19,454.90
2018년 03월 17일,550.27,600.48,609.48,544.51
2018년 03월 16일,600.79,610.36,625.34,585.84
2018년 03월 15일,610.13,612.08,620.01,572.69
2018년 03월 14일,612.09,689.67,702.53,587.10
2018년 03월 13일,689.57,697.06,713.80,680.01
2018년 03월 12일,697.04,720.12,739.25,678.27
2018년 03월 11일,720.12,682.77,733.33,664.53
2018년 03월 10일,682.52,725.70,746.13,678.46
2018년 03월 09일,725.89,698.91,728.83,644.46
2018년 03월 08일,698.96,750.09,772.23,689.41
2018년 03월 07일,749.98,814.56,824.83,724.98
2018년 03월 06일,814.88,850.00,851.72,803.90
2018년 03월 05일,850.24,865.53,870.27,850.24
2018년 03월 04일,865.53,855.91,867.35,838.06
2018년 03월 03일,855.91,855.46,868.51,853.45
2018년 03월 02일,856.09,870.51,875.69,850.47
2018년 03월 01일,870.04,852.44,879.53,848.41
2018년 02월 28일,852.49,871.58,888.06,850.84
2018년 02월 27일,871.44,867.06,894.78,861.40
2018년 02월 26일,866.99,841.28,879.18,835.34
2018년 02월 25일,840.88,834.10,849.36,818.46
2018년 02월 24일,834.36,854.99,874.49,810.91
2018년 02월 23일,856.65,803.56,882.61,787.95
2018년 02월 22일,803.66,838.97,878.14,789.92
2018년 02월 21일,839.10,884.94,906.43,818.48
2018년 02월 20일,884.51,940.04,959.41,877.65
2018년 02월 19일,940.08,913.09,954.94,910.29
2018년 02월 18일,913.10,971.57,980.27,903.28
2018년 02월 17일,971.54,937.35,972.86,934.49
2018년 02월 16일,937.50,927.34,945.68,907.33
2018년 02월 15일,927.56,919.53,945.99,902.56
2018년 02월 14일,919.67,841.38,922.38,840.82
2018년 02월 13일,841.38,865.72,868.92,822.98
2018년 02월 12일,865.62,811.01,875.52,810.99
2018년 02월 11일,810.45,851.44,854.10,778.90
2018년 02월 10일,851.39,877.88,908.26,816.72
2018년 02월 09일,877.85,805.15,879.51,781.97
2018년 02월 08일,805.40,752.75,831.02,751.76
2018년 02월 07일,753.18,782.72,852.98,719.34
2018년 02월 06일,783.83,696.75,797.94,568.78
2018년 02월 05일,696.86,828.49,859.72,634.64
2018년 02월 04일,829.43,971.49,972.66,788.79
2018년 02월 03일,971.49,920.93,997.51,850.38
2018년 02월 02일,920.85,"1,033.02","1,036.17",766.82
2018년 02월 01일,"1,033.55","1,118.15","1,157.09",970.42
2018년 01월 31일,"1,118.08","1,072.17","1,126.87","1,028.03"
2018년 01월 30일,"1,071.90","1,174.36","1,178.92","1,042.90"
2018년 01월 29일,"1,175.00","1,245.50","1,259.80","1,155.90"
2018년 01월 28일,"1,246.60","1,114.70","1,264.80","1,109.00"
2018년 01월 27일,"1,114.80","1,046.90","1,125.30","1,031.60"
2018년 01월 26일,"1,047.00","1,048.20","1,078.60",983.00
2018년 01월 25일,"1,048.20","1,061.80","1,102.40","1,025.10"
2018년 01월 24일,"1,063.20",982.11,"1,068.80",952.04
2018년 01월 23일,982.98,995.26,"1,022.00",905.38
2018년 01월 22일,995.08,"1,047.00","1,084.10",912.76
2018년 01월 21일,"1,047.00","1,146.30","1,146.30","1,001.50"
2018년 01월 20일,"1,146.00","1,032.60","1,160.00","1,029.60"
2018년 01월 19일,"1,032.60",993.92,"1,079.00",960.10
2018년 01월 18일,994.81,"1,020.10","1,079.00",940.00
2018년 01월 17일,"1,017.50","1,019.60","1,088.30",770.10
2018년 01월 16일,"1,020.10","1,275.80","1,278.80",868.98
2018년 01월 15일,"1,273.40","1,349.90","1,377.90","1,264.40"
2018년 01월 14일,"1,350.00","1,379.90","1,385.00","1,256.00"
2018년 01월 13일,"1,380.00","1,257.00","1,423.20","1,252.60"
2018년 01월 12일,"1,257.20","1,135.10","1,285.00","1,083.40"
2018년 01월 11일,"1,135.50","1,245.90","1,331.80","1,102.50"
2018년 01월 10일,"1,248.00","1,285.70","1,381.90","1,203.20"
2018년 01월 09일,"1,283.70","1,129.40","1,299.00","1,119.10"
2018년 01월 08일,"1,129.30","1,115.90","1,225.00",968.12
2018년 01월 07일,"1,115.80","1,004.30","1,116.00",999.50
2018년 01월 06일,"1,004.30",962.77,"1,014.20",951.38
2018년 01월 05일,962.77,939.30,"1,023.60",930.00
2018년 01월 04일,940.00,942.01,997.00,893.24
2018년 01월 03일,942.01,858.78,954.73,840.00
2018년 01월 02일,858.78,752.46,890.00,752.46
2018년 01월 01일,752.46,736.77,762.00,717.94
2017년 12월 31일,736.77,682.22,741.99,675.56
2017년 12월 30일,682.22,731.52,737.56,640.43
2017년 12월 29일,731.52,711.42,755.00,703.02
2017년 12월 28일,711.42,736.45,740.30,652.00
2017년 12월 27일,736.45,749.80,766.06,703.27
2017년 12월 26일,749.80,709.81,749.80,708.83
2017년 12월 25일,709.81,659.89,737.00,651.76
2017년 12월 24일,659.89,672.59,675.00,560.00
2017년 12월 23일,672.59,628.19,717.00,616.19
2017년 12월 22일,628.19,786.97,792.00,492.01
2017년 12월 21일,786.97,794.99,848.08,747.10
2017년 12월 20일,794.99,799.98,826.20,709.00
2017년 12월 19일,799.98,783.99,863.00,750.01
2017년 12월 18일,783.99,708.78,798.90,660.00
2017년 12월 17일,708.78,683.25,725.00,683.24
2017년 12월 16일,683.25,678.29,711.96,672.51
2017년 12월 15일,678.29,686.51,698.31,610.00
2017년 12월 14일,686.51,690.69,760.00,651.00
2017년 12월 13일,690.69,634.87,742.00,573.00
2017년 12월 12일,634.87,515.25,646.92,497.75
2017년 12월 11일,515.25,429.24,531.20,429.14
2017년 12월 10일,429.24,460.92,460.92,413.30
2017년 12월 09일,460.92,442.19,487.80,441.00
2017년 12월 08일,442.19,415.02,453.61,400.34
2017년 12월 07일,415.02,413.71,429.00,390.00
2017년 12월 06일,413.71,451.87,454.23,403.00
2017년 12월 05일,451.87,465.00,467.38,444.17
2017년 12월 04일,465.00,459.49,471.06,439.27
2017년 12월 03일,459.49,455.51,482.69,431.04
2017년 12월 02일,455.51,460.67,472.00,447.00
2017년 12월 01일,460.67,432.21,467.00,413.96
2017년 11월 30일,432.21,420.34,454.95,385.40
2017년 11월 29일,420.34,465.56,517.00,403.01
2017년 11월 28일,465.56,473.44,479.00,457.20
2017년 11월 27일,473.44,464.00,491.89,458.25
2017년 11월 26일,464.00,464.00,464.00,464.00
2017년 11월 25일,464.00,469.89,481.99,454.40
2017년 11월 24일,470.51,405.19,478.50,397.37
2017년 11월 23일,405.19,380.48,426.27,374.34
2017년 11월 22일,380.48,360.00,381.89,358.80
2017년 11월 21일,360.00,367.94,373.50,350.00
2017년 11월 20일,367.94,354.70,373.70,352.03
2017년 11월 19일,354.70,346.68,371.00,343.28
2017년 11월 18일,346.68,331.00,350.40,325.32
2017년 11월 17일,331.00,331.16,335.01,325.00
2017년 11월 16일,330.76,330.59,335.11,321.18
2017년 11월 15일,330.59,334.28,339.61,321.50
2017년 11월 14일,334.28,313.22,336.69,313.22
2017년 11월 13일,313.22,303.90,318.00,302.40
2017년 11월 12일,303.90,313.07,316.99,293.33
2017년 11월 11일,313.07,296.18,319.88,294.70
2017년 11월 10일,296.18,319.52,324.03,286.00
2017년 11월 09일,319.52,307.50,328.80,305.00
2017년 11월 08일,307.50,291.42,318.90,290.11
2017년 11월 07일,291.42,296.90,304.20,285.01
2017년 11월 06일,296.90,295.63,310.00,292.00
2017년 11월 05일,295.63,299.48,301.00,292.28
2017년 11월 04일,299.48,303.47,304.38,293.00
2017년 11월 03일,303.47,284.89,307.36,284.00
2017년 11월 02일,284.89,288.60,293.01,275.21
2017년 11월 01일,288.60,303.69,305.11,287.04
2017년 10월 31일,303.69,307.00,312.00,303.10
2017년 10월 30일,307.00,304.39,314.40,303.93
2017년 10월 29일,304.39,293.49,312.49,290.50
2017년 10월 28일,293.49,295.99,297.01,288.60
2017년 10월 27일,295.99,295.10,299.50,291.60
2017년 10월 26일,295.10,295.46,299.00,290.55
2017년 10월 25일,295.46,296.30,300.00,288.50
2017년 10월 24일,296.30,284.85,311.85,280.02
2017년 10월 23일,284.85,293.55,293.96,273.50
2017년 10월 22일,293.55,299.23,305.62,289.40
2017년 10월 21일,299.23,302.61,303.00,289.31
2017년 10월 20일,302.61,306.97,313.01,301.04
2017년 10월 19일,306.97,313.45,316.50,304.00
2017년 10월 18일,313.45,315.65,316.21,287.46
2017년 10월 17일,315.65,334.46,334.80,308.00
2017년 10월 16일,334.46,337.23,355.00,330.85
2017년 10월 15일,337.23,339.24,344.89,315.00
2017년 10월 14일,339.24,337.46,348.00,334.05
2017년 10월 13일,337.46,303.06,350.00,298.00
2017년 10월 12일,303.06,303.20,310.01,302.10
2017년 10월 11일,303.20,299.32,306.55,296.60
2017년 10월 10일,299.32,297.40,307.00,292.57
2017년 10월 09일,297.40,309.82,311.16,287.03
2017년 10월 08일,309.82,311.46,314.39,307.55
2017년 10월 07일,311.46,308.43,315.00,304.50
2017년 10월 06일,308.43,295.12,309.59,293.04
2017년 10월 05일,295.12,291.40,297.92,285.12
2017년 10월 04일,291.40,291.69,296.00,287.56
2017년 10월 03일,291.69,296.82,300.50,285.93
2017년 10월 02일,296.82,304.26,304.63,292.10
2017년 10월 01일,304.26,303.44,305.57,295.00
2017년 09월 30일,303.44,292.66,307.76,292.30
2017년 09월 29일,292.66,302.63,303.90,280.50
2017년 09월 28일,302.63,309.75,310.69,297.75
2017년 09월 27일,309.75,289.28,315.51,286.93
2017년 09월 26일,289.28,295.20,296.38,285.20
2017년 09월 25일,295.20,282.00,297.93,281.80
2017년 09월 24일,282.00,285.90,294.54,275.41
2017년 09월 23일,285.90,262.19,287.20,259.01
2017년 09월 22일,262.19,256.67,269.50,253.03
2017년 09월 21일,256.67,283.50,287.53,251.52
2017년 09월 20일,283.50,282.63,294.00,277.00
2017년 09월 19일,282.63,296.81,299.00,275.00
2017년 09월 18일,296.81,257.00,299.89,257.00
2017년 09월 17일,257.00,253.00,263.69,239.00
2017년 09월 16일,253.00,258.68,270.00,242.20
2017년 09월 15일,258.68,222.50,269.00,198.00
2017년 09월 14일,222.50,275.48,281.01,221.71
2017년 09월 13일,275.48,293.90,294.16,256.00
2017년 09월 12일,293.90,297.19,316.73,283.00
2017년 09월 11일,297.19,297.90,308.00,287.33
2017년 09월 10일,297.90,303.08,305.00,276.11
2017년 09월 09일,303.08,304.00,307.08,291.46
2017년 09월 08일,304.00,334.10,334.58,291.00
2017년 09월 07일,334.10,337.36,338.66,321.10
2017년 09월 06일,337.36,316.18,339.50,314.81
2017년 09월 05일,316.18,295.81,323.17,267.64
2017년 09월 04일,295.81,350.63,351.59,275.00
2017년 09월 03일,350.63,345.00,368.40,328.33
2017년 09월 02일,345.00,390.35,390.77,325.10
2017년 09월 01일,390.35,387.30,395.03,383.60
2017년 08월 31일,387.30,382.78,390.00,380.10
2017년 08월 30일,382.78,372.00,390.10,365.10
2017년 08월 29일,372.00,347.09,375.98,346.42
2017년 08월 28일,347.09,348.01,352.00,332.74
2017년 08월 27일,348.01,332.72,348.01,331.88
2017년 08월 26일,332.72,328.70,334.60,324.50
2017년 08월 25일,328.70,325.62,338.25,324.04
2017년 08월 24일,325.62,316.50,329.56,314.14
2017년 08월 23일,316.50,312.54,325.00,311.65
2017년 08월 22일,312.54,322.24,329.96,285.01
2017년 08월 21일,322.24,298.37,346.99,294.53
2017년 08월 20일,298.37,292.78,299.00,286.96
2017년 08월 19일,292.78,292.00,298.51,280.00
2017년 08월 18일,292.00,299.00,307.00,286.00
2017년 08월 17일,299.00,301.34,312.00,297.01
2017년 08월 16일,301.34,286.00,304.00,279.94
2017년 08월 15일,286.00,298.22,299.91,272.29
2017년 08월 14일,298.22,296.64,306.48,293.99
2017년 08월 13일,296.64,307.22,308.00,285.21
2017년 08월 12일,307.22,308.81,319.78,299.00
2017년 08월 11일,308.81,295.97,310.42,294.00
2017년 08월 10일,295.97,293.99,310.05,287.60
2017년 08월 09일,293.99,295.83,316.00,277.00
2017년 08월 08일,295.83,269.51,299.50,265.00
2017년 08월 07일,269.51,264.29,274.60,257.32
2017년 08월 06일,264.29,253.87,271.50,251.00
2017년 08월 05일,253.87,220.73,259.90,219.23
2017년 08월 04일,220.73,224.79,228.30,218.66
2017년 08월 03일,224.79,218.00,228.20,217.07
2017년 08월 02일,218.00,225.97,229.70,215.00
2017년 08월 01일,225.97,200.81,232.59,200.80
2017년 07월 31일,200.81,195.31,201.50,188.12
2017년 07월 30일,195.31,206.76,210.76,192.21
2017년 07월 29일,206.76,191.20,213.00,176.95
2017년 07월 28일,191.20,202.54,204.19,188.10
2017년 07월 27일,202.54,203.33,207.00,197.86
2017년 07월 26일,203.33,202.70,209.59,191.76
2017년 07월 25일,202.70,226.59,227.69,190.49
2017년 07월 24일,226.59,228.15,232.56,223.64
2017년 07월 23일,228.15,232.01,236.57,219.00
2017년 07월 22일,232.01,216.11,237.19,214.35
2017년 07월 21일,216.11,227.29,239.00,208.00
2017년 07월 20일,227.29,194.63,238.00,194.63
2017년 07월 19일,194.63,226.56,245.61,187.00
2017년 07월 18일,226.56,190.16,258.00,177.50
2017년 07월 17일,190.16,157.40,190.61,155.00
2017년 07월 16일,157.40,170.15,172.70,136.12
2017년 07월 15일,170.15,196.49,197.80,169.82
2017년 07월 14일,196.49,205.00,207.76,179.58
2017년 07월 13일,205.00,223.92,224.99,189.46
2017년 07월 12일,223.92,188.63,225.00,177.78
2017년 07월 11일,188.63,202.00,215.00,169.00
2017년 07월 10일,202.00,234.97,238.01,187.50
2017년 07월 09일,234.97,245.23,249.00,234.15
2017년 07월 08일,245.23,238.38,246.66,226.68
2017년 07월 07일,238.38,265.35,265.80,233.84
2017년 07월 06일,265.35,264.77,273.00,258.37
2017년 07월 05일,264.77,266.68,272.12,249.53
2017년 07월 04일,266.68,273.99,283.00,260.00
2017년 07월 03일,273.99,277.64,283.98,266.45
2017년 07월 02일,277.64,255.00,285.91,242.81
2017년 07월 01일,255.00,275.62,277.63,238.00
2017년 06월 30일,275.62,285.30,301.90,267.35
2017년 06월 29일,285.30,311.62,318.27,276.00
2017년 06월 28일,311.62,279.00,318.27,255.00
2017년 06월 27일,279.00,251.30,279.00,204.11
2017년 06월 26일,251.30,277.00,286.85,214.99
2017년 06월 25일,277.00,296.89,306.39,253.20
2017년 06월 24일,296.89,324.37,327.55,291.53
2017년 06월 23일,324.37,320.94,329.90,316.36
2017년 06월 22일,320.94,321.66,328.99,305.00
2017년 06월 21일,321.66,344.15,348.50,287.11
2017년 06월 20일,344.15,355.50,366.52,328.00
2017년 06월 19일,355.50,348.88,362.50,344.13
2017년 06월 18일,348.88,364.56,377.46,336.89
2017년 06월 17일,364.56,348.44,366.08,332.00
2017년 06월 16일,348.44,338.70,355.51,305.22
2017년 06월 15일,338.70,335.95,344.00,265.00
2017년 06월 14일,335.95,382.70,385.73,315.00
2017년 06월 13일,382.70,386.90,395.00,345.61
2017년 06월 12일,386.90,336.33,412.21,297.00
2017년 06월 11일,336.33,325.88,347.00,310.00
2017년 06월 10일,325.88,278.41,341.94,278.26
2017년 06월 09일,278.41,256.95,279.90,256.95
2017년 06월 08일,256.95,250.70,258.93,242.04
2017년 06월 07일,250.70,261.89,263.70,241.01
2017년 06월 06일,261.89,242.16,264.99,238.23
2017년 06월 05일,242.16,241.06,244.29,231.72
2017년 06월 04일,241.06,217.01,245.98,216.10
2017년 06월 03일,217.01,214.77,217.99,210.01
2017년 06월 02일,214.77,211.40,219.21,208.23
2017년 06월 01일,211.40,218.34,227.32,196.00
2017년 05월 31일,218.34,224.69,230.55,200.90
2017년 05월 30일,224.69,189.99,229.98,182.00
2017년 05월 29일,189.99,161.91,191.30,155.01
2017년 05월 28일,161.91,149.99,172.79,149.66
2017년 05월 27일,149.99,152.80,161.00,110.42
2017년 05월 26일,152.80,168.71,187.00,143.64
2017년 05월 25일,168.71,183.88,206.06,155.00
2017년 05월 24일,183.88,168.24,197.41,166.33
2017년 05월 23일,168.24,154.92,174.30,148.60
2017년 05월 22일,154.92,146.14,190.00,136.80
2017년 05월 21일,146.14,123.03,146.40,122.32
2017년 05월 20일,123.03,124.40,128.95,119.54
2017년 05월 19일,124.40,98.60,129.25,98.31
2017년 05월 18일,98.60,89.67,98.89,89.42
2017년 05월 17일,89.67,88.17,90.93,83.77
2017년 05월 16일,88.17,92.56,93.48,85.43
2017년 05월 15일,92.56,90.37,95.17,90.37
2017년 05월 14일,90.37,89.90,91.92,88.11
2017년 05월 13일,89.90,86.99,89.99,84.50
2017년 05월 12일,86.99,89.38,92.00,83.85
2017년 05월 11일,89.38,88.33,91.50,87.35
2017년 05월 10일,88.33,88.94,92.46,86.60
2017년 05월 09일,88.94,88.97,91.10,77.76
2017년 05월 08일,88.97,94.21,95.48,88.11
2017년 05월 07일,94.21,96.65,98.00,90.89
2017년 05월 06일,96.65,91.50,96.84,90.53
2017년 05월 05일,91.50,99.20,101.70,88.20
2017년 05월 04일,99.20,85.79,99.78,84.61
2017년 05월 03일,85.79,82.01,86.62,81.00
2017년 05월 02일,82.01,81.40,85.18,79.49
2017년 05월 01일,81.40,83.51,88.10,66.00
2017년 04월 30일,83.51,73.55,84.00,72.60
2017년 04월 29일,73.55,76.00,77.60,71.20
2017년 04월 28일,76.00,68.00,77.40,66.00
2017년 04월 27일,68.00,57.31,68.00,56.92
2017년 04월 26일,57.31,53.90,58.38,53.66
2017년 04월 25일,53.90,53.54,54.21,53.25
2017년 04월 24일,53.54,53.33,54.48,53.00
2017년 04월 23일,53.33,52.15,54.44,51.75
2017년 04월 22일,52.15,51.37,52.78,51.03
2017년 04월 21일,51.37,51.96,52.27,51.10
2017년 04월 20일,51.96,49.66,52.45,48.60
2017년 04월 19일,49.66,52.42,53.00,45.00
2017년 04월 18일,52.42,49.52,53.00,49.07
2017년 04월 17일,49.52,49.58,50.27,48.88
2017년 04월 16일,49.58,49.71,49.90,48.87
2017년 04월 15일,49.71,48.50,50.48,47.95
2017년 04월 14일,48.50,50.65,50.65,47.34
2017년 04월 13일,50.65,46.85,51.51,46.85
2017년 04월 12일,46.85,44.21,48.47,43.84
2017년 04월 11일,44.21,44.17,44.80,43.80
2017년 04월 10일,44.17,43.94,44.76,43.01
2017년 04월 09일,43.94,44.51,44.86,43.18
2017년 04월 08일,44.51,42.25,45.76,42.25
2017년 04월 07일,42.25,43.11,44.53,41.78
2017년 04월 06일,43.11,45.35,46.03,41.25
2017년 04월 05일,45.35,44.41,47.53,44.19
2017년 04월 04일,44.41,44.28,45.69,41.05
2017년 04월 03일,44.28,48.60,48.60,42.77
2017년 04월 02일,48.60,50.59,51.59,47.70
2017년 04월 01일,50.59,49.72,51.87,48.70
2017년 03월 31일,49.72,51.62,51.83,46.82
2017년 03월 30일,51.62,52.88,53.28,50.75
2017년 03월 29일,52.88,50.16,54.30,49.40
2017년 03월 28일,50.16,48.93,50.60,47.95
2017년 03월 27일,48.93,50.46,52.01,47.67
2017년 03월 26일,50.46,50.75,51.80,46.55
2017년 03월 25일,50.75,54.01,54.90,47.46
2017년 03월 24일,54.01,43.14,58.99,42.50
2017년 03월 23일,43.14,41.46,44.75,40.22
2017년 03월 22일,41.46,42.45,42.95,38.51
2017년 03월 21일,42.45,42.06,43.70,41.15
2017년 03월 20일,42.06,43.17,45.13,39.47
2017년 03월 19일,43.17,34.20,45.69,34.10
2017년 03월 18일,34.20,44.65,44.99,31.10
2017년 03월 17일,44.65,45.07,51.88,32.84
2017년 03월 16일,45.07,34.80,46.21,34.80
2017년 03월 15일,34.80,28.66,34.80,28.36
2017년 03월 14일,28.66,28.40,29.93,27.00
2017년 03월 13일,28.40,23.20,30.60,23.20
2017년 03월 12일,23.20,21.30,23.23,21.05
2017년 03월 11일,21.30,19.18,21.45,18.83
2017년 03월 10일,19.18,17.75,19.70,16.50
2017년 03월 09일,17.75,16.51,18.00,16.25
2017년 03월 08일,16.51,18.88,18.88,16.51
2017년 03월 07일,18.88,19.51,19.67,18.50
2017년 03월 06일,19.51,19.35,20.23,19.14
2017년 03월 05일,19.35,18.50,19.45,18.15
2017년 03월 04일,18.50,19.49,20.00,18.40
2017년 03월 03일,19.49,19.02,20.73,18.43
2017년 03월 02일,19.02,17.43,19.45,16.30
2017년 03월 01일,17.43,15.86,17.49,15.62
2017년 02월 28일,15.86,15.50,16.23,15.18
2017년 02월 27일,15.50,14.57,15.75,14.30
2017년 02월 26일,14.57,13.55,14.66,13.30
2017년 02월 25일,13.55,13.11,13.80,13.05
2017년 02월 24일,13.11,13.27,13.31,12.70
2017년 02월 23일,13.27,12.68,13.37,12.60
2017년 02월 22일,12.68,12.82,12.85,12.60
2017년 02월 21일,12.82,12.40,12.89,12.25
2017년 02월 20일,12.40,12.80,12.91,12.40
2017년 02월 19일,12.80,12.79,12.94,12.70
2017년 02월 18일,12.79,12.76,12.90,12.70
2017년 02월 17일,12.76,12.92,12.92,12.60
2017년 02월 16일,12.92,12.92,12.99,12.57
2017년 02월 15일,12.92,13.02,13.15,12.59
2017년 02월 14일,12.96,11.32,13.40,11.32
2017년 02월 13일,11.35,11.33,11.37,11.05
2017년 02월 12일,11.26,11.33,11.40,11.22
2017년 02월 11일,11.33,11.27,11.38,11.13
2017년 02월 10일,11.30,10.95,11.39,10.75
2017년 02월 09일,10.90,11.35,11.51,10.41
2017년 02월 08일,11.35,11.45,11.60,11.00
2017년 02월 07일,11.41,11.31,11.50,11.25
2017년 02월 06일,11.32,11.18,11.33,11.12
2017년 02월 05일,11.18,11.32,11.37,11.05
2017년 02월 04일,11.32,11.00,11.40,11.00
2017년 02월 03일,10.93,10.78,10.93,10.55
2017년 02월 02일,10.80,10.71,10.84,10.53
2017년 02월 01일,10.71,10.71,10.77,10.41
2017년 01월 31일,10.71,10.50,10.74,10.38
2017년 01월 30일,10.53,10.44,10.69,10.38
2017년 01월 29일,10.46,10.49,10.51,10.38
2017년 01월 28일,10.51,10.50,10.54,10.35
2017년 01월 27일,10.50,10.52,10.58,10.36
2017년 01월 26일,10.63,10.49,10.63,10.43
2017년 01월 25일,10.48,10.52,10.58,10.35
2017년 01월 24일,10.50,10.58,10.75,10.46
2017년 01월 23일,10.77,10.64,10.83,10.59
2017년 01월 22일,10.64,10.91,10.98,10.34
2017년 01월 21일,10.95,10.64,11.09,10.56
2017년 01월 20일,10.62,10.38,10.75,10.30
2017년 01월 19일,10.38,10.31,10.51,10.15
2017년 01월 18일,10.19,10.30,10.49,9.74
2017년 01월 17일,10.12,9.54,10.60,9.53
2017년 01월 16일,9.61,9.72,9.78,9.55
2017년 01월 15일,9.81,9.67,9.83,9.60
2017년 01월 14일,9.67,9.72,9.87,9.51
2017년 01월 13일,9.67,9.83,9.83,9.39
2017년 01월 12일,9.83,9.48,10.04,9.08
2017년 01월 11일,9.79,10.61,10.70,9.41
2017년 01월 10일,10.61,10.43,10.75,10.20
2017년 01월 09일,10.26,10.43,10.84,9.50
2017년 01월 08일,10.28,9.80,10.48,9.80
2017년 01월 07일,9.84,10.09,10.19,9.48
2017년 01월 06일,10.08,10.23,10.40,9.47
2017년 01월 05일,10.15,11.16,11.70,9.20
2017년 01월 04일,11.00,9.57,11.10,9.44
2017년 01월 03일,9.74,8.43,9.90,8.30
2017년 01월 02일,8.37,8.19,8.50,8.11
2017년 01월 01일,8.20,8.17,8.59,8.03
2016년 12월 31일,8.00,8.17,8.35,8.00
2016년 12월 30일,8.16,8.27,8.50,8.05
2016년 12월 29일,8.27,7.62,8.60,7.62
2016년 12월 28일,7.58,7.20,7.76,7.10
2016년 12월 27일,7.12,7.27,7.33,7.08
2016년 12월 26일,7.27,7.11,7.35,7.05
2016년 12월 25일,7.23,7.25,7.32,7.17
2016년 12월 24일,7.25,7.11,7.35,7.11
2016년 12월 23일,7.16,7.55,7.68,7.11
2016년 12월 22일,7.61,7.84,7.84,7.46
2016년 12월 21일,7.89,7.68,7.96,7.64
2016년 12월 20일,7.61,7.63,7.75,7.55
2016년 12월 19일,7.58,7.93,7.93,7.58
2016년 12월 18일,7.93,7.88,7.94,7.74
2016년 12월 17일,7.73,7.86,7.90,7.47
2016년 12월 16일,7.86,7.86,7.96,7.77
2016년 12월 15일,7.83,8.16,8.23,7.71
2016년 12월 14일,8.21,8.44,8.49,8.20
2016년 12월 13일,8.36,8.49,8.49,8.30
2016년 12월 12일,8.45,8.19,8.63,8.09
2016년 12월 11일,8.19,8.14,8.25,8.00
2016년 12월 10일,8.12,8.42,8.55,7.94
2016년 12월 09일,8.52,8.10,8.65,8.02
2016년 12월 08일,8.30,8.35,8.84,8.24
2016년 12월 07일,8.33,7.60,8.70,7.27
2016년 12월 06일,7.71,6.68,7.88,5.86
2016년 12월 05일,6.70,7.40,7.57,6.50
2016년 12월 04일,7.55,7.85,7.91,7.42
2016년 12월 03일,7.91,7.76,8.10,7.64
2016년 12월 02일,7.70,8.43,8.43,7.10
2016년 12월 01일,8.46,8.61,8.61,8.36
2016년 11월 30일,8.62,8.16,8.76,8.11
2016년 11월 29일,8.16,8.70,8.74,7.74
2016년 11월 28일,8.70,8.97,9.02,8.65
2016년 11월 27일,8.88,9.33,9.33,8.70
2016년 11월 26일,9.33,9.38,9.53,9.22
2016년 11월 25일,9.38,9.17,9.69,9.17
2016년 11월 24일,9.20,9.69,9.85,8.70
2016년 11월 23일,9.69,9.89,9.92,9.68
2016년 11월 22일,9.84,9.61,10.26,9.54
2016년 11월 21일,9.61,9.54,9.68,9.51
2016년 11월 20일,9.57,9.68,9.76,9.49
2016년 11월 19일,9.73,9.54,9.86,9.48
2016년 11월 18일,9.52,9.96,10.03,9.46
2016년 11월 17일,9.99,10.02,10.27,9.90
2016년 11월 16일,10.02,10.19,10.50,9.93
2016년 11월 15일,10.27,10.00,10.41,9.72
2016년 11월 14일,10.00,10.08,10.19,9.96
2016년 11월 13일,10.08,10.01,10.37,9.68
2016년 11월 12일,10.01,10.27,10.32,9.70
2016년 11월 11일,10.27,10.54,10.58,10.26
2016년 11월 10일,10.54,10.66,10.69,10.52
2016년 11월 09일,10.72,10.92,10.92,10.20
2016년 11월 08일,10.92,10.88,11.21,10.79
2016년 11월 07일,10.88,10.91,11.10,10.85
2016년 11월 06일,10.91,11.15,11.27,10.91
2016년 11월 05일,11.17,11.23,11.24,10.99
2016년 11월 04일,11.21,10.86,11.24,10.85
2016년 11월 03일,10.86,10.94,11.18,10.81
2016년 11월 02일,10.86,10.81,11.25,10.76
2016년 11월 01일,10.81,10.96,11.21,10.41
2016년 10월 31일,10.96,11.28,11.50,10.88
2016년 10월 30일,11.28,10.38,11.53,10.31
2016년 10월 29일,10.38,11.15,11.26,9.50
2016년 10월 28일,11.15,11.57,11.70,10.85
2016년 10월 27일,11.57,11.50,11.66,11.23
2016년 10월 26일,11.50,11.36,11.72,11.36
2016년 10월 25일,11.36,11.99,12.00,11.12
2016년 10월 24일,11.99,12.07,12.23,11.98
2016년 10월 23일,12.07,12.25,12.26,11.99
2016년 10월 22일,12.29,12.16,12.37,12.08
2016년 10월 21일,12.16,12.10,12.20,12.09
2016년 10월 20일,12.09,11.99,12.32,11.99
2016년 10월 19일,11.99,12.54,12.62,11.95
2016년 10월 18일,12.54,12.00,12.91,11.98
2016년 10월 17일,12.00,11.98,12.03,11.81
2016년 10월 16일,11.98,12.01,12.06,11.92
2016년 10월 15일,12.01,11.96,12.05,11.83
2016년 10월 14일,11.93,12.07,12.10,11.90
2016년 10월 13일,12.07,11.72,12.12,11.72
2016년 10월 12일,11.72,11.84,12.06,11.68
2016년 10월 11일,11.78,11.76,12.33,11.76
2016년 10월 10일,11.73,12.03,12.09,11.60
2016년 10월 09일,12.01,12.26,12.56,11.99
2016년 10월 08일,12.26,12.73,12.76,12.00
2016년 10월 07일,12.69,12.84,13.00,12.56
2016년 10월 06일,12.84,13.11,13.15,12.62
2016년 10월 05일,13.11,13.33,13.39,13.08
2016년 10월 04일,13.33,13.44,13.50,13.22
2016년 10월 03일,13.44,13.22,13.50,13.17
2016년 10월 02일,13.16,13.18,13.33,13.00
2016년 10월 01일,13.18,13.25,13.31,13.05
2016년 09월 30일,13.30,13.10,13.43,13.05
2016년 09월 29일,13.10,13.25,13.33,13.07
2016년 09월 28일,13.25,13.08,13.49,13.04
2016년 09월 27일,13.08,12.90,13.27,12.85
2016년 09월 26일,12.90,13.14,13.14,12.81
2016년 09월 25일,13.05,12.86,13.20,12.77
2016년 09월 24일,12.86,13.39,13.47,12.71
2016년 09월 23일,13.36,13.30,13.50,13.10
2016년 09월 22일,13.17,13.65,13.70,12.47
2016년 09월 21일,13.74,14.30,14.35,13.16
2016년 09월 20일,14.45,13.15,15.40,13.08
2016년 09월 19일,12.90,12.49,13.10,12.48
2016년 09월 18일,12.32,12.73,13.10,12.26
2016년 09월 17일,12.80,12.60,12.87,12.51
2016년 09월 16일,12.68,12.00,12.82,11.99
2016년 09월 15일,12.01,11.94,12.41,11.91
2016년 09월 14일,11.94,12.01,12.33,11.91
2016년 09월 13일,12.01,12.00,12.55,11.86
2016년 09월 12일,12.00,11.80,12.05,11.67
2016년 09월 11일,11.68,12.13,12.30,11.60
2016년 09월 10일,12.13,11.72,12.18,11.58
2016년 09월 09일,11.68,11.45,11.90,11.40
2016년 09월 08일,11.45,11.64,11.96,11.26
2016년 09월 07일,11.64,11.73,11.82,11.60
2016년 09월 06일,11.73,11.85,11.92,11.45
2016년 09월 05일,11.85,11.73,11.92,11.65
2016년 09월 04일,11.73,11.88,11.96,11.60
2016년 09월 03일,12.01,12.13,12.43,11.65
2016년 09월 02일,12.13,12.22,12.38,11.91
2016년 09월 01일,12.22,11.66,12.60,11.61
2016년 08월 31일,11.63,11.33,11.63,11.17
2016년 08월 30일,11.29,11.03,11.39,10.94
2016년 08월 29일,10.93,10.94,11.18,10.78
2016년 08월 28일,10.94,11.11,11.16,10.92
2016년 08월 27일,11.20,11.26,11.26,11.13
2016년 08월 26일,11.22,11.39,11.42,11.13
2016년 08월 25일,11.39,10.98,11.39,10.97
2016년 08월 24일,10.98,11.03,11.20,10.96
2016년 08월 23일,10.99,11.14,11.28,10.90
2016년 08월 22일,11.14,11.20,11.36,11.00
2016년 08월 21일,11.13,11.26,11.30,10.93
2016년 08월 20일,11.26,10.69,11.30,10.68
2016년 08월 19일,10.68,10.69,10.76,10.61
2016년 08월 18일,10.69,10.72,10.97,10.66
2016년 08월 17일,10.72,11.07,11.07,10.65
2016년 08월 16일,11.07,11.15,11.17,10.83
2016년 08월 15일,11.09,11.16,11.28,10.88
2016년 08월 14일,11.16,11.48,11.67,11.00
2016년 08월 13일,11.48,11.69,11.76,11.40
2016년 08월 12일,11.67,11.71,11.99,11.57
2016년 08월 11일,11.64,11.90,12.10,11.57
2016년 08월 10일,12.07,11.99,12.33,11.86
2016년 08월 09일,10.16,10.16,10.16,10.16
2016년 08월 08일,10.16,10.16,10.16,10.16
2016년 08월 07일,10.16,10.16,10.16,10.16
2016년 08월 06일,10.16,10.16,10.16,10.16
2016년 08월 05일,10.16,10.16,10.16,10.16
2016년 08월 04일,10.16,10.16,10.16,10.16
2016년 08월 03일,10.16,10.16,10.16,10.16
2016년 08월 02일,10.16,11.04,11.20,9.90
2016년 08월 01일,11.08,12.00,12.04,11.08
2016년 07월 31일,11.86,12.45,12.55,11.30
2016년 07월 30일,12.52,12.85,12.85,12.47
2016년 07월 29일,12.90,12.87,12.94,12.60
2016년 07월 28일,12.87,12.93,13.00,12.54
2016년 07월 27일,13.03,12.01,13.28,11.78
2016년 07월 26일,12.01,13.55,13.86,11.91
2016년 07월 25일,13.80,12.86,13.80,12.75
2016년 07월 24일,12.65,14.33,14.44,12.17
2016년 07월 23일,14.25,14.55,14.85,13.90
2016년 07월 22일,14.67,12.67,15.15,12.53
2016년 07월 21일,12.55,12.52,12.75,12.03
2016년 07월 20일,12.48,11.70,13.04,11.55
2016년 07월 19일,11.75,11.09,12.24,11.07
2016년 07월 18일,11.04,11.31,11.75,11.01
2016년 07월 17일,11.24,11.72,11.74,11.02
2016년 07월 16일,11.72,11.95,12.05,11.72
2016년 07월 15일,11.93,11.50,12.55,11.37
2016년 07월 14일,11.60,10.70,11.79,10.69
2016년 07월 13일,10.47,10.55,10.60,10.43
2016년 07월 12일,10.55,10.48,10.80,10.40
2016년 07월 11일,10.51,10.95,11.09,10.20
2016년 07월 10일,10.95,10.83,11.02,10.74
2016년 07월 09일,10.90,11.37,11.43,10.40
2016년 07월 08일,11.31,10.16,11.65,9.90
2016년 07월 07일,10.14,10.58,10.67,9.73
2016년 07월 06일,10.55,10.37,11.12,10.22
2016년 07월 05일,10.53,11.42,11.49,9.35
2016년 07월 04일,11.42,11.65,11.85,11.35
2016년 07월 03일,11.78,12.06,12.11,11.56
2016년 07월 02일,12.14,12.17,12.20,11.95
2016년 07월 01일,12.35,12.50,12.58,11.74
2016년 06월 30일,12.50,12.64,12.88,12.20
2016년 06월 29일,12.77,12.08,13.05,11.57
2016년 06월 28일,12.22,13.95,14.07,11.51
2016년 06월 27일,13.96,13.71,14.19,13.68
2016년 06월 26일,13.75,14.22,14.40,13.53
2016년 06월 25일,14.31,14.39,14.84,13.91
2016년 06월 24일,14.29,13.76,14.46,13.10
2016년 06월 23일,13.75,13.26,14.00,12.50
2016년 06월 22일,13.25,13.75,15.90,12.95
2016년 06월 21일,12.94,11.67,12.98,11.20
2016년 06월 20일,11.90,12.33,12.49,10.51
2016년 06월 19일,12.43,10.76,13.36,10.55
2016년 06월 18일,11.41,15.19,15.30,10.13
2016년 06월 17일,15.61,20.86,21.69,11.51
2016년 06월 16일,20.70,18.61,21.10,18.44
2016년 06월 15일,18.45,18.70,18.75,17.55
2016년 06월 14일,18.73,17.65,19.41,16.00
2016년 06월 13일,17.73,15.75,17.91,15.70
2016년 06월 12일,15.80,14.30,16.09,14.25
2016년 06월 11일,14.15,13.95,14.28,13.81
2016년 06월 10일,13.97,14.44,14.46,13.56
2016년 06월 09일,14.45,14.51,14.70,14.37
2016년 06월 08일,14.49,14.60,14.89,14.30
2016년 06월 07일,14.50,13.94,14.70,13.88
2016년 06월 06일,14.03,14.00,14.19,13.80
2016년 06월 05일,13.95,13.75,13.97,13.69
2016년 06월 04일,13.81,13.90,13.90,13.40
2016년 06월 03일,13.84,13.82,13.99,13.42
2016년 06월 02일,13.80,13.94,14.03,13.61
2016년 06월 01일,13.85,14.07,14.30,13.46
2016년 05월 31일,14.01,12.78,14.28,12.60
2016년 05월 30일,12.72,12.44,12.81,12.30
2016년 05월 29일,12.41,11.80,12.89,11.78
2016년 05월 28일,11.98,10.99,12.50,10.38
2016년 05월 27일,11.12,12.40,12.43,10.53
2016년 05월 26일,12.48,12.52,13.07,12.13
2016년 05월 25일,12.49,12.84,12.99,11.80
2016년 05월 24일,12.73,13.38,13.82,12.00
2016년 05월 23일,13.42,14.21,14.49,13.32
2016년 05월 22일,14.21,14.06,14.51,13.62
2016년 05월 21일,14.00,13.60,14.00,13.01
2016년 05월 20일,13.79,14.74,14.89,13.31
2016년 05월 19일,14.58,13.40,14.65,13.20
2016년 05월 18일,13.35,12.28,14.40,12.21
2016년 05월 17일,12.08,11.15,12.60,11.10
2016년 05월 16일,11.09,10.01,11.47,10.00
2016년 05월 15일,9.97,10.25,10.42,9.93
2016년 05월 14일,10.16,10.60,10.75,9.71
2016년 05월 13일,10.60,10.09,11.11,10.08
2016년 05월 12일,10.04,9.92,10.47,9.79
2016년 05월 11일,9.89,9.38,9.98,9.30
2016년 05월 10일,9.38,9.31,9.47,9.28
2016년 05월 09일,9.32,9.51,9.65,9.25
2016년 05월 08일,9.50,9.41,9.64,9.00
2016년 05월 07일,9.35,9.45,9.64,9.20
2016년 05월 06일,9.35,9.85,9.98,9.12
2016년 05월 05일,9.79,9.40,10.00,9.30
2016년 05월 04일,9.46,9.38,10.00,9.25
2016년 05월 03일,9.34,10.01,10.01,9.18
2016년 05월 02일,10.00,8.83,10.30,8.79
2016년 05월 01일,8.75,8.74,9.00,8.35
2016년 04월 30일,8.87,7.45,9.36,7.45
2016년 04월 29일,7.52,7.23,7.72,7.19
2016년 04월 28일,7.33,7.73,7.87,7.25
2016년 04월 27일,7.80,7.40,7.99,7.31
2016년 04월 26일,7.50,7.56,7.60,7.12
2016년 04월 25일,7.54,8.05,8.15,7.32
2016년 04월 24일,8.10,8.35,8.50,8.01
2016년 04월 23일,8.46,7.95,8.80,7.81
2016년 04월 22일,7.97,8.23,8.41,7.73
2016년 04월 21일,8.11,8.61,8.80,8.00
2016년 04월 20일,8.61,8.73,9.05,8.35
2016년 04월 19일,8.71,8.97,9.38,8.65
2016년 04월 18일,8.97,9.30,9.55,8.44
2016년 04월 17일,9.46,8.70,10.90,8.61
2016년 04월 16일,8.54,8.23,8.68,8.18
2016년 04월 15일,8.32,8.39,8.69,8.10
2016년 04월 14일,8.46,8.08,8.86,8.00
2016년 04월 13일,8.09,7.48,8.80,6.86
2016년 04월 12일,7.53,8.53,8.54,7.21
2016년 04월 11일,8.68,8.56,8.93,8.01
2016년 04월 10일,8.76,9.15,9.43,7.52
2016년 04월 09일,9.15,9.69,10.20,9.00
2016년 04월 08일,9.71,10.05,10.34,9.60
2016년 04월 07일,10.12,10.76,10.85,9.40
2016년 04월 06일,10.76,10.40,10.96,10.20
2016년 04월 05일,10.40,11.15,11.15,9.70
2016년 04월 04일,11.15,11.60,11.67,10.88
2016년 04월 03일,11.75,11.61,11.76,11.40
2016년 04월 02일,11.61,11.65,11.77,11.43
2016년 04월 01일,11.62,11.41,11.94,11.39
2016년 03월 31일,11.41,11.92,12.02,11.29
2016년 03월 30일,11.85,11.79,12.30,11.44
2016년 03월 29일,11.79,11.78,11.88,11.37
2016년 03월 28일,11.62,10.40,11.94,10.40
2016년 03월 27일,10.40,10.93,10.98,10.17
2016년 03월 26일,11.00,10.67,11.20,10.58
2016년 03월 25일,10.67,11.32,11.35,10.52
2016년 03월 24일,11.20,12.43,12.47,10.67
2016년 03월 23일,12.43,11.37,12.43,11.20
2016년 03월 22일,11.37,11.53,11.97,11.08
2016년 03월 21일,11.95,10.18,12.05,10.14
2016년 03월 20일,10.18,10.55,10.88,9.56
2016년 03월 19일,10.31,10.97,11.10,9.78
2016년 03월 18일,10.74,11.09,11.20,8.34
2016년 03월 17일,10.74,12.58,12.61,10.44
2016년 03월 16일,12.88,13.06,13.89,12.62
2016년 03월 15일,13.06,12.63,13.42,11.98
2016년 03월 14일,12.50,15.07,15.07,11.40
2016년 03월 13일,15.07,12.92,15.07,12.92
2016년 03월 12일,12.92,11.95,13.45,11.95
2016년 03월 11일,11.95,11.75,11.95,11.75
2016년 03월 10일,11.75,11.20,11.85,11.07
